name,en_ts
Rh_Cat1,-1224.82994744
Rh_Cat10,-2448.99117333
Rh_Cat100,-2305.45775757
Rh_Cat101,-2305.43901111
Rh_Cat102,-2305.46176752
Rh_Cat103,-3063.86777389
Rh_Cat104,-2449.11184276
Rh_Cat105,-2606.24923159
Rh_Cat106,-2845.87507708
Rh_Cat107,-2606.24456491
Rh_Cat108,-4286.99036443
Rh_Cat109,-2305.45075514
Rh_Cat11,-2387.96635956
Rh_Cat110,-2462.57410365
Rh_Cat111,-1696.20331746
Rh_Cat112,-2010.45828496
Rh_Cat113,-2606.09804771
Rh_Cat114,-2606.25178983
Rh_Cat115,-2462.59774179
Rh_Cat116,-2702.21440363
Rh_Cat117,-1375.19848777
Rh_Cat118,-1532.31928962
Rh_Cat119,-2003.70329256
Rh_Cat12,-3829.08161092
Rh_Cat120,-1689.43440127
Rh_Cat121,-1675.97416507
Rh_Cat122,-2147.37703333
Rh_Cat123,-1990.27202253
Rh_Cat124,-2156.04621115
Rh_Cat125,-2141.56019886
Rh_Cat126,-2599.35846751
Rh_Cat127,-2538.33271973
Rh_Cat128,-3979.44494961
Rh_Cat129,-2298.70347238
Rh_Cat13,-2148.33932989
Rh_Cat130,-2298.68914962
Rh_Cat131,-2298.70317082
Rh_Cat132,-3057.11250294
Rh_Cat133,-2442.36355221
Rh_Cat134,-2599.50497689
Rh_Cat135,-2839.13051625
Rh_Cat136,-2599.51168206
Rh_Cat137,-4280.24623034
Rh_Cat138,-2298.70558534
Rh_Cat139,-2455.83832753
Rh_Cat14,-2148.32661029
Rh_Cat140,-1689.44801738
Rh_Cat141,-2003.71409652
Rh_Cat142,-2599.34645776
Rh_Cat143,-2599.50694658
Rh_Cat144,-2455.84909100
Rh_Cat145,-2695.47591861
Rh_Cat146,-1610.90040604
Rh_Cat147,-1768.02058498
Rh_Cat148,-2239.40392086
Rh_Cat149,-1925.13588637
Rh_Cat15,-2148.33973045
Rh_Cat150,-1911.67298001
Rh_Cat151,-2383.08134862
Rh_Cat152,-2225.97587002
Rh_Cat153,-2391.74711839
Rh_Cat154,-2377.25925620
Rh_Cat155,-2835.05955325
Rh_Cat156,-2774.03570977
Rh_Cat157,-4215.14363150
Rh_Cat159,-2534.36733675
Rh_Cat16,-2906.74911861
Rh_Cat160,-2534.40565956
Rh_Cat161,-3292.81051557
Rh_Cat162,-2678.06727287
Rh_Cat163,-2835.21291947
Rh_Cat164,-3074.83647925
Rh_Cat165,-2835.22190576
Rh_Cat166,-4515.95193765
Rh_Cat167,-2534.39643490
Rh_Cat168,-2691.53950740
Rh_Cat169,-1925.14954741
Rh_Cat17,-2291.97956732
Rh_Cat170,-2239.40082138
Rh_Cat171,-2835.04789143
Rh_Cat172,-2835.21529380
Rh_Cat173,-2691.54098635
Rh_Cat174,-2931.16968334
Rh_Cat175,-1532.34988192
Rh_Cat176,-1689.47103363
Rh_Cat177,-2160.85517712
Rh_Cat178,-1846.58029356
Rh_Cat179,-1833.11935214
Rh_Cat18,-2449.12847499
Rh_Cat180,-2304.52746452
Rh_Cat181,-2147.42368826
Rh_Cat182,-2313.18980833
Rh_Cat183,-2298.71357216
Rh_Cat184,-2756.51150639
Rh_Cat185,-2695.48620672
Rh_Cat186,-4136.59906635
Rh_Cat187,-2455.85698299
Rh_Cat188,-2455.84377453
Rh_Cat189,-2455.85529667
Rh_Cat19,-2688.75359834
Rh_Cat190,-3214.25727300
Rh_Cat191,-2599.51211585
Rh_Cat192,-2756.66137886
Rh_Cat193,-2996.28714885
Rh_Cat194,-2756.66243361
Rh_Cat195,-4437.40325113
Rh_Cat196,-2455.84174122
Rh_Cat197,-2612.98268579
Rh_Cat198,-1846.59958505
Rh_Cat199,-2160.85764849
Rh_Cat2,-1381.95365122
Rh_Cat20,-2449.12383359
Rh_Cat200,-2756.50171674
Rh_Cat201,-2756.66603926
Rh_Cat202,-2612.98593508
Rh_Cat203,-2852.61144864
Rh_Cat204,-1615.25913181
Rh_Cat205,-1772.37812953
Rh_Cat206,-2243.76566533
Rh_Cat207,-1929.48250587
Rh_Cat208,-1916.01490316
Rh_Cat209,-2387.41765355
Rh_Cat21,-4129.86383499
Rh_Cat210,-2230.30587089
Rh_Cat211,-2396.09437180
Rh_Cat212,-2381.62261685
Rh_Cat213,-2839.42017039
Rh_Cat214,-2778.39410849
Rh_Cat215,-4219.50773817
Rh_Cat216,-2538.76618972
Rh_Cat217,-2538.73578804
Rh_Cat218,-2538.76667389
Rh_Cat219,-3297.17068762
Rh_Cat22,-2148.33079250
Rh_Cat223,-2839.56009078
Rh_Cat225,-2538.75138370
Rh_Cat226,-2695.88450756
Rh_Cat227,-1929.50875930
Rh_Cat228,-2243.76822706
Rh_Cat229,-2839.40614935
Rh_Cat23,-2305.46921759
Rh_Cat230,-2839.55672921
Rh_Cat231,-2695.89492673
Rh_Cat232,-2935.52514474
Rh_Cat233,-1608.01404024
Rh_Cat234,-1765.13543814
Rh_Cat235,-2236.52207522
Rh_Cat236,-1922.25135548
Rh_Cat237,-1908.76575514
Rh_Cat238,-2380.17329984
Rh_Cat239,-2223.06561001
Rh_Cat24,-1539.08273347
Rh_Cat240,-2388.86289793
Rh_Cat241,-2374.37399159
Rh_Cat242,-2832.17134012
Rh_Cat244,-4212.25853548
Rh_Cat245,-2531.51698789
Rh_Cat246,-2531.50238635
Rh_Cat247,-2531.51765948
Rh_Cat248,-3289.91994428
Rh_Cat249,-2675.15850003
Rh_Cat25,-1853.34220412
Rh_Cat250,-2832.30844758
Rh_Cat251,-3071.93440530
Rh_Cat252,-2832.30451729
Rh_Cat253,-4513.04669262
Rh_Cat254,-2531.51878174
Rh_Cat255,-2688.64826824
Rh_Cat256,-1922.26617306
Rh_Cat257,-2236.52604210
Rh_Cat258,-2832.16506516
Rh_Cat259,-2832.31541464
Rh_Cat26,-2448.98162101
Rh_Cat260,-2688.65680219
Rh_Cat261,-2928.28322125
Rh_Cat262,-1836.91221875
Rh_Cat263,-1994.03363028
Rh_Cat264,-2465.42044283
Rh_Cat265,-2151.14483456
Rh_Cat266,-2137.66489916
Rh_Cat267,-2609.06946431
Rh_Cat268,-2451.96469145
Rh_Cat269,-2617.76135611
Rh_Cat27,-2449.13194803
Rh_Cat270,-2603.27152127
Rh_Cat271,-3061.06887732
Rh_Cat272,-3000.04406381
Rh_Cat273,-4441.15758990
Rh_Cat274,-2760.41566739
Rh_Cat275,-2760.40246448
Rh_Cat276,-2760.41779641
Rh_Cat277,-3518.74947255
Rh_Cat278,-2904.05883467
Rh_Cat279,-3061.20861701
Rh_Cat28,-2305.47673230
Rh_Cat280,-3300.83215502
Rh_Cat281,-3061.20355408
Rh_Cat282,-4741.94725506
Rh_Cat283,-2760.41141839
Rh_Cat284,-2917.55019801
Rh_Cat285,-2151.16400458
Rh_Cat286,-2465.42532603
Rh_Cat287,-3061.06346069
Rh_Cat288,-3061.21288187
Rh_Cat289,-2917.55577894
Rh_Cat29,-2545.10082824
Rh_Cat290,-3157.18236305
Rh_Cat291,-1806.40027035
Rh_Cat292,-1963.52432523
Rh_Cat293,-2434.90676490
Rh_Cat294,-2120.63666135
Rh_Cat295,-2107.15198404
Rh_Cat296,-2578.55971681
Rh_Cat297,-2421.45169471
Rh_Cat298,-2587.24824693
Rh_Cat299,-2572.75937751
Rh_Cat3,-1853.33853891
Rh_Cat30,-1303.39234774
Rh_Cat300,-3030.56041450
Rh_Cat301,-2969.53126134
Rh_Cat302,-4410.64353493
Rh_Cat303,-2729.90178873
Rh_Cat304,-2729.88833142
Rh_Cat305,-2729.82947050
Rh_Cat306,-3488.23546427
Rh_Cat307,-2873.54451097
Rh_Cat308,-3030.68275817
Rh_Cat309,-3270.32065541
Rh_Cat31,-1460.51221673
Rh_Cat310,-3030.69108420
Rh_Cat311,-4711.43231076
Rh_Cat312,-2729.89773641
Rh_Cat313,-2887.03179421
Rh_Cat314,-2120.65112087
Rh_Cat315,-2434.91117209
Rh_Cat316,-3030.55209158
Rh_Cat318,-2887.05400633
Rh_Cat319,-3126.66778966
Rh_Cat32,-1931.89681714
Rh_Cat320,-2526.95755885
Rh_Cat321,-2684.08193234
Rh_Cat322,-3155.46472922
Rh_Cat323,-2841.19421545
Rh_Cat324,-2827.70796614
Rh_Cat325,-3299.11888746
Rh_Cat326,-3142.00773215
Rh_Cat327,-3307.80625345
Rh_Cat328,-3293.31567331
Rh_Cat329,-3751.11772370
Rh_Cat33,-1617.62598923
Rh_Cat330,-3690.08777139
Rh_Cat331,-5131.19962181
Rh_Cat332,-3450.46028117
Rh_Cat333,-3450.44666115
Rh_Cat334,-3450.46209997
Rh_Cat335,-4208.86636144
Rh_Cat336,-3594.10062627
Rh_Cat337,-3751.23880842
Rh_Cat338,-3990.87612267
Rh_Cat339,-3751.24668142
Rh_Cat34,-1604.14383423
Rh_Cat340,-5431.99080192
Rh_Cat341,-3450.45516366
Rh_Cat342,-3607.59103790
Rh_Cat343,-2841.20831664
Rh_Cat344,-3155.46934681
Rh_Cat345,-3751.10705584
Rh_Cat346,-3751.25484118
Rh_Cat347,-3607.59998521
Rh_Cat348,-3847.22522244
Rh_Cat349,-1686.58556131
Rh_Cat35,-2075.54696958
Rh_Cat350,-1843.70740183
Rh_Cat351,-2315.09405263
Rh_Cat352,-2000.81851754
Rh_Cat353,-1987.33728286
Rh_Cat354,-2458.74095937
Rh_Cat355,-2301.63741507
Rh_Cat356,-2467.43500333
Rh_Cat357,-2452.94434860
Rh_Cat358,-2910.74273712
Rh_Cat359,-2849.71735702
Rh_Cat36,-1918.44363038
Rh_Cat360,-4290.83044820
Rh_Cat361,-2610.08858807
Rh_Cat362,-2610.08041860
Rh_Cat363,-2610.09017571
Rh_Cat364,-3368.41927042
Rh_Cat365,-2753.73093430
Rh_Cat366,-2910.87844123
Rh_Cat367,-3150.50700164
Rh_Cat368,-2910.87685764
Rh_Cat369,-4591.61918494
Rh_Cat37,-2084.23644871
Rh_Cat370,-2610.08465697
Rh_Cat371,-2767.22022053
Rh_Cat372,-2000.83751424
Rh_Cat373,-2315.09837707
Rh_Cat374,-2910.73701621
Rh_Cat375,-2910.88270355
Rh_Cat376,-2767.22908793
Rh_Cat377,-3006.85549485
Rh_Cat378,-1686.58117218
Rh_Cat379,-1843.69482094
Rh_Cat38,-2069.75786450
Rh_Cat380,-2315.08234709
Rh_Cat381,-2000.80577272
Rh_Cat382,-1987.33262074
Rh_Cat383,-2458.73917995
Rh_Cat384,-2301.62498382
Rh_Cat385,-2467.41797161
Rh_Cat386,-2452.94196255
Rh_Cat387,-2910.73981002
Rh_Cat388,-2849.71465302
Rh_Cat389,-4290.82712967
Rh_Cat39,-2527.55463993
Rh_Cat390,-2610.08570473
Rh_Cat391,-2610.05576702
Rh_Cat392,-2610.08558927
Rh_Cat393,-3368.47080998
Rh_Cat394,-2753.73193767
Rh_Cat395,-2910.87268517
Rh_Cat396,-3150.49844237
Rh_Cat397,-2910.87003804
Rh_Cat398,-4591.61227570
Rh_Cat399,-2610.07746553
Rh_Cat4,-1539.07035105
Rh_Cat40,-2466.52958307
Rh_Cat400,-2767.20335115
Rh_Cat401,-2000.82466362
Rh_Cat402,-2315.09382520
Rh_Cat403,-2910.71559605
Rh_Cat404,-2910.87990529
Rh_Cat405,-2767.22107866
Rh_Cat406,-3006.84828358
Rh_Cat407,-1686.58626307
Rh_Cat408,-1843.71049205
Rh_Cat409,-2315.09426549
Rh_Cat41,-3907.64288099
Rh_Cat410,-2000.82372586
Rh_Cat411,-1987.33748865
Rh_Cat412,-2458.73998755
Rh_Cat413,-2301.63790473
Rh_Cat414,-2467.43577903
Rh_Cat415,-2452.95000918
Rh_Cat416,-2910.74685244
Rh_Cat417,-2849.72132573
Rh_Cat418,-4290.83416083
Rh_Cat419,-2610.09356965
Rh_Cat42,-2226.90094284
Rh_Cat420,-2610.07431090
Rh_Cat421,-2610.08961974
Rh_Cat422,-3368.49049919
Rh_Cat423,-2753.73074982
Rh_Cat424,-2910.88086524
Rh_Cat425,-3150.49481716
Rh_Cat426,-2910.87701832
Rh_Cat427,-4591.61276473
Rh_Cat428,-2610.08498076
Rh_Cat429,-2767.22011155
Rh_Cat43,-2226.88067106
Rh_Cat430,-2000.83816031
Rh_Cat431,-2315.09852935
Rh_Cat432,-2910.73838714
Rh_Cat433,-2910.88420421
Rh_Cat434,-2767.22930914
Rh_Cat435,-3006.85580457
Rh_Cat436,-2065.79555762
Rh_Cat437,-2222.91728676
Rh_Cat438,-2694.30413760
Rh_Cat439,-2380.02683207
Rh_Cat44,-2226.90115890
Rh_Cat440,-2366.54204332
Rh_Cat441,-2837.94729752
Rh_Cat442,-2680.83821703
Rh_Cat443,-2846.63876328
Rh_Cat444,-2832.15397981
Rh_Cat445,-3289.94920479
Rh_Cat446,-3228.76903750
Rh_Cat447,-4670.04272468
Rh_Cat448,-2989.29594161
Rh_Cat449,-2989.27441411
Rh_Cat45,-2985.31012188
Rh_Cat451,-3747.68903907
Rh_Cat452,-3132.93882916
Rh_Cat453,-3290.06535879
Rh_Cat454,-3529.69293600
Rh_Cat455,-3290.08636641
Rh_Cat456,-4970.80934344
Rh_Cat457,-2989.29474316
Rh_Cat459,-2380.04804144
Rh_Cat46,-2370.55104026
Rh_Cat460,-2694.31171140
Rh_Cat461,-3289.93277036
Rh_Cat462,-3290.08922541
Rh_Cat465,-1758.40067477
Rh_Cat466,-1915.52331321
Rh_Cat467,-2386.90814179
Rh_Cat468,-2072.64611058
Rh_Cat469,-2059.16563547
Rh_Cat47,-2527.68045582
Rh_Cat470,-2530.57091374
Rh_Cat471,-2373.47478357
Rh_Cat472,-2539.25562455
Rh_Cat473,-2524.76639328
Rh_Cat474,-2982.56557445
Rh_Cat475,-2921.53838001
Rh_Cat476,-4362.64446368
Rh_Cat477,-2681.90193915
Rh_Cat478,-2681.89395791
Rh_Cat479,-2681.90310217
Rh_Cat48,-2767.30722838
Rh_Cat480,-3440.31506663
Rh_Cat481,-2825.55932468
Rh_Cat482,-2982.69877290
Rh_Cat483,-3222.32352735
Rh_Cat484,-2982.71361591
Rh_Cat485,-4663.43486306
Rh_Cat486,-2681.89307366
Rh_Cat487,-2839.03590585
Rh_Cat488,-2072.64933419
Rh_Cat489,-2386.90757677
Rh_Cat49,-2527.68313543
Rh_Cat490,-2982.54614695
Rh_Cat491,-2982.71475510
Rh_Cat492,-2839.03775981
Rh_Cat493,-3078.67095815
Rh_Cat494,-1836.97472014
Rh_Cat495,-1994.09328168
Rh_Cat496,-2465.47534257
Rh_Cat497,-2151.21639582
Rh_Cat498,-2137.73140421
Rh_Cat499,-2609.14838973
Rh_Cat5,-1525.58505914
Rh_Cat50,-4208.42481084
Rh_Cat500,-2452.04509160
Rh_Cat501,-2617.82554370
Rh_Cat502,-2603.33634845
Rh_Cat503,-3061.12950221
Rh_Cat504,-3000.10876985
Rh_Cat505,-4441.22101317
Rh_Cat506,-2760.47427654
Rh_Cat507,-2760.47387569
Rh_Cat508,-2760.47222993
Rh_Cat509,-3518.79749457
Rh_Cat51,-2226.89495589
Rh_Cat510,-2904.12405377
Rh_Cat511,-3061.26435048
Rh_Cat512,-3300.89518634
Rh_Cat513,-3061.28180151
Rh_Cat514,-4742.01050230
Rh_Cat515,-2760.46179353
Rh_Cat516,-2917.60821389
Rh_Cat517,-2151.22679978
Rh_Cat518,-2465.48729351
Rh_Cat519,-3061.11879489
Rh_Cat52,-2384.02388434
Rh_Cat520,-3061.27964751
Rh_Cat521,-2917.60685900
Rh_Cat523,-1956.78770888
Rh_Cat524,-2113.90219206
Rh_Cat525,-2585.28923262
Rh_Cat526,-2271.02870736
Rh_Cat527,-2257.54537342
Rh_Cat528,-2728.96153918
Rh_Cat529,-2571.85810159
Rh_Cat53,-1617.64148016
Rh_Cat530,-2737.63766880
Rh_Cat531,-2723.14977229
Rh_Cat532,-3180.94969358
Rh_Cat533,-3119.91214244
Rh_Cat534,-4561.03349404
Rh_Cat535,-2880.29397194
Rh_Cat536,-2880.28631742
Rh_Cat537,-2880.28670513
Rh_Cat538,-3638.69879801
Rh_Cat539,-3023.94201929
Rh_Cat54,-1931.90031464
Rh_Cat540,-3181.07771292
Rh_Cat541,-3420.70762447
Rh_Cat542,-3181.09244800
Rh_Cat543,-4861.82292131
Rh_Cat544,-2880.27488382
Rh_Cat545,-3037.41852978
Rh_Cat546,-2271.03913118
Rh_Cat547,-2585.29965815
Rh_Cat548,-3180.93371577
Rh_Cat549,-3181.09192435
Rh_Cat55,-2527.53050114
Rh_Cat550,-3037.41946904
Rh_Cat551,-3277.05328249
Rh_Cat552,-1836.97663257
Rh_Cat553,-1994.09933024
Rh_Cat554,-2465.48965985
Rh_Cat555,-2151.21887088
Rh_Cat556,-2137.73958645
Rh_Cat557,-2609.14921547
Rh_Cat558,-2452.04984307
Rh_Cat559,-2617.82869434
Rh_Cat56,-2527.69127651
Rh_Cat560,-2603.33004603
Rh_Cat561,-3061.13000278
Rh_Cat562,-3000.10285187
Rh_Cat563,-4441.21525569
Rh_Cat564,-2760.47455701
Rh_Cat565,-2760.46958771
Rh_Cat566,-2760.48445901
Rh_Cat567,-3518.88750560
Rh_Cat568,-2904.13859911
Rh_Cat569,-3061.27899157
Rh_Cat57,-2384.03808745
Rh_Cat570,-3300.90470007
Rh_Cat572,-4742.02003385
Rh_Cat573,-2760.47347916
Rh_Cat574,-2917.60246644
Rh_Cat575,-2151.23366629
Rh_Cat576,-2465.48132666
Rh_Cat577,-3061.11590910
Rh_Cat578,-3061.28722276
Rh_Cat579,-2917.61344137
Rh_Cat58,-2623.65468052
Rh_Cat580,-3157.24390752
Rh_Cat581,-2677.34520395
Rh_Cat582,-2834.45987842
Rh_Cat583,-3305.85364924
Rh_Cat584,-2991.58860496
Rh_Cat585,-2978.10513541
Rh_Cat586,-3449.52029400
Rh_Cat587,-3292.41645368
Rh_Cat588,-3458.19732892
Rh_Cat589,-3443.70112987
Rh_Cat59,-1539.08440026
Rh_Cat590,-3901.50790104
Rh_Cat591,-3840.47611123
Rh_Cat592,-5281.58866145
Rh_Cat593,-3600.85219132
Rh_Cat594,-3600.84490858
Rh_Cat595,-3600.84440904
Rh_Cat596,-4359.26155040
Rh_Cat597,-3744.49487631
Rh_Cat598,-3901.63543167
Rh_Cat599,-4141.27403293
Rh_Cat6,-1996.98908740
Rh_Cat60,-1696.20456494
Rh_Cat600,-3901.65090279
Rh_Cat601,-5582.38074894
Rh_Cat602,-3600.83418770
Rh_Cat603,-3757.97985174
Rh_Cat604,-2991.59722675
Rh_Cat605,-3305.85776414
Rh_Cat606,-3901.49148392
Rh_Cat607,-3901.65751943
Rh_Cat608,-3757.97783748
Rh_Cat61,-2167.58920371
Rh_Cat610,-1686.58363178
Rh_Cat611,-1843.69963251
Rh_Cat612,-2315.09310161
Rh_Cat613,-2000.81491630
Rh_Cat614,-1987.33366555
Rh_Cat615,-2458.74470591
Rh_Cat616,-2301.62792889
Rh_Cat617,-2467.42542951
Rh_Cat618,-2452.94292400
Rh_Cat619,-2910.73941330
Rh_Cat62,-1853.31934261
Rh_Cat620,-2849.71304598
Rh_Cat621,-4290.82630482
Rh_Cat622,-2610.08495051
Rh_Cat623,-2610.07246475
Rh_Cat624,-2610.08609068
Rh_Cat625,-3368.49943747
Rh_Cat626,-2753.73348197
Rh_Cat627,-2910.86611482
Rh_Cat628,-3150.49184214
Rh_Cat629,-2910.88398081
Rh_Cat63,-1839.83120429
Rh_Cat630,-4591.60744151
Rh_Cat631,-2610.07132105
Rh_Cat632,-2767.21358885
Rh_Cat633,-2000.83289835
Rh_Cat634,-2315.09678862
Rh_Cat635,-2910.73334877
Rh_Cat636,-2910.87959085
Rh_Cat637,-2767.22319752
Rh_Cat638,-3006.84557045
Rh_Cat639,-1765.15143267
Rh_Cat64,-2311.24091142
Rh_Cat640,-1922.27040475
Rh_Cat641,-2393.65972906
Rh_Cat642,-2079.39002038
Rh_Cat643,-2065.90439668
Rh_Cat644,-2537.30774203
Rh_Cat645,-2380.19732006
Rh_Cat646,-2545.99305542
Rh_Cat647,-2531.51220379
Rh_Cat648,-2989.31033078
Rh_Cat649,-2928.28720714
Rh_Cat65,-2154.13158223
Rh_Cat650,-4369.39695319
Rh_Cat651,-2688.65608597
Rh_Cat652,-2688.63198875
Rh_Cat653,-2688.66085900
Rh_Cat654,-3447.06805903
Rh_Cat655,-2832.30529592
Rh_Cat656,-2989.43635914
Rh_Cat657,-3229.06140515
Rh_Cat658,-2989.44931851
Rh_Cat659,-4670.17727516
Rh_Cat66,-2319.93000412
Rh_Cat660,-2688.64254000
Rh_Cat661,-2845.83051850
Rh_Cat662,-2079.40106145
Rh_Cat663,-2393.66259842
Rh_Cat664,-2989.30358276
Rh_Cat665,-2989.44121738
Rh_Cat666,-2845.79535083
Rh_Cat667,-3085.41365804
Rh_Cat668,-1381.95671990
Rh_Cat669,-1539.07689280
Rh_Cat67,-2305.45179179
Rh_Cat670,-2010.46156179
Rh_Cat671,-1696.19104111
Rh_Cat672,-1682.70811933
Rh_Cat673,-2154.11648488
Rh_Cat674,-1997.00455274
Rh_Cat675,-2162.80565460
Rh_Cat676,-2148.32350003
Rh_Cat677,-2606.12064701
Rh_Cat678,-2545.09496058
Rh_Cat679,-3986.20790013
Rh_Cat68,-2763.24899010
Rh_Cat680,-2305.46675939
Rh_Cat681,-2305.44171757
Rh_Cat682,-2305.46721267
Rh_Cat683,-3063.87388585
Rh_Cat684,-2449.11893164
Rh_Cat685,-2606.25569476
Rh_Cat686,-2845.88101922
Rh_Cat687,-2606.25133267
Rh_Cat688,-4286.99662555
Rh_Cat689,-2305.45169761
Rh_Cat69,-2702.22306800
Rh_Cat690,-2462.59931072
Rh_Cat691,-1696.20614003
Rh_Cat692,-2010.46517247
Rh_Cat693,-2606.10730339
Rh_Cat694,-2606.25683568
Rh_Cat695,-2462.59623949
Rh_Cat696,-2702.22713317
Rh_Cat697,-1539.08517221
Rh_Cat698,-1696.20536291
Rh_Cat699,-2167.59231773
Rh_Cat7,-1839.88455809
Rh_Cat70,-4143.33612762
Rh_Cat700,-1853.32400903
Rh_Cat701,-1839.83729626
Rh_Cat702,-2311.23808731
Rh_Cat703,-2154.13736616
Rh_Cat704,-2319.93007701
Rh_Cat705,-2305.44939941
Rh_Cat706,-2763.25114313
Rh_Cat707,-2702.22541621
Rh_Cat708,-4143.33889982
Rh_Cat709,-2462.59021020
Rh_Cat71,-2462.59528243
Rh_Cat710,-2462.57683295
Rh_Cat711,-2462.59370218
Rh_Cat712,-3221.00291484
Rh_Cat713,-2606.23078334
Rh_Cat714,-2763.37547627
Rh_Cat715,-3003.00837476
Rh_Cat716,-2763.38639454
Rh_Cat717,-4444.12020486
Rh_Cat718,-2462.59480783
Rh_Cat719,-2619.72503790
Rh_Cat72,-2462.56985375
Rh_Cat720,-1853.33528975
Rh_Cat721,-2167.59588013
Rh_Cat722,-2763.23984747
Rh_Cat723,-2763.38676863
Rh_Cat724,-2619.73403178
Rh_Cat725,-2859.36329857
Rh_Cat726,-1836.90823915
Rh_Cat727,-1994.03002418
Rh_Cat728,-2465.41445407
Rh_Cat729,-2151.14320904
Rh_Cat73,-2462.59580802
Rh_Cat730,-2137.65990870
Rh_Cat731,-2609.06062860
Rh_Cat732,-2451.94571997
Rh_Cat733,-2617.76120831
Rh_Cat734,-2603.27403612
Rh_Cat735,-3061.07158424
Rh_Cat736,-3000.04723584
Rh_Cat737,-4441.16005326
Rh_Cat738,-2760.41708176
Rh_Cat739,-2760.38976299
Rh_Cat74,-3221.00367924
Rh_Cat740,-2760.41470519
Rh_Cat741,-3518.81293569
Rh_Cat742,-2904.05974132
Rh_Cat743,-3061.18174563
Rh_Cat744,-3300.81894327
Rh_Cat745,-3061.20755873
Rh_Cat746,-4741.94893632
Rh_Cat747,-2760.40911354
Rh_Cat748,-2917.54238828
Rh_Cat749,-2151.15997242
Rh_Cat75,-2606.24397675
Rh_Cat750,-2465.42066857
Rh_Cat751,-3061.04993719
Rh_Cat752,-3061.20184686
Rh_Cat753,-2917.55499500
Rh_Cat754,-3157.18067250
Rh_Cat755,-1836.97271238
Rh_Cat756,-1994.09813104
Rh_Cat757,-2465.47644309
Rh_Cat758,-2151.21134482
Rh_Cat759,-2137.73677997
Rh_Cat76,-2763.38413056
Rh_Cat760,-2609.15055489
Rh_Cat761,-2452.04177275
Rh_Cat762,-2617.82858006
Rh_Cat763,-2603.32905890
Rh_Cat764,-3061.12824044
Rh_Cat765,-3000.10609840
Rh_Cat766,-4441.21193039
Rh_Cat767,-2760.48021611
Rh_Cat768,-2760.47134871
Rh_Cat769,-2760.47699578
Rh_Cat77,-3003.00910951
Rh_Cat770,-3518.88299828
Rh_Cat771,-2904.13897181
Rh_Cat772,-3061.27370885
Rh_Cat773,-3300.90056455
Rh_Cat774,-3061.28664575
Rh_Cat775,-4742.01493446
Rh_Cat776,-2760.46433574
Rh_Cat777,-2917.59899834
Rh_Cat778,-2151.22466085
Rh_Cat779,-2465.48500161
Rh_Cat78,-2763.37862279
Rh_Cat780,-3061.12050688
Rh_Cat781,-3061.27506705
Rh_Cat782,-2917.61560517
Rh_Cat783,-3157.24074368
Rh_Cat784,-1765.15413074
Rh_Cat785,-1922.28016495
Rh_Cat786,-2393.66700557
Rh_Cat787,-2079.37721220
Rh_Cat788,-2065.90385440
Rh_Cat789,-2537.29764788
Rh_Cat79,-4444.12503356
Rh_Cat790,-2380.20207067
Rh_Cat791,-2545.99158588
Rh_Cat792,-2531.51495348
Rh_Cat793,-2989.31180428
Rh_Cat794,-2928.28535170
Rh_Cat795,-4369.40105438
Rh_Cat796,-2688.65911229
Rh_Cat797,-2688.65040208
Rh_Cat798,-2688.66079509
Rh_Cat799,-3447.06661036
Rh_Cat8,-2005.67950465
Rh_Cat80,-2462.58113493
Rh_Cat800,-2832.31463980
Rh_Cat801,-2989.43729614
Rh_Cat802,-3229.06202217
Rh_Cat803,-2989.45903197
Rh_Cat804,-4670.19698736
Rh_Cat806,-2845.79036919
Rh_Cat807,-2079.41095385
Rh_Cat808,-2393.67093327
Rh_Cat809,-2989.30994125
Rh_Cat81,-2619.72752024
Rh_Cat810,-2989.44636625
Rh_Cat811,-2845.63761661
Rh_Cat813,-1884.96810822
Rh_Cat814,-2042.08864586
Rh_Cat815,-2513.47434952
Rh_Cat816,-2199.19966484
Rh_Cat817,-2185.71889872
Rh_Cat818,-2657.12949595
Rh_Cat819,-2500.01317150
Rh_Cat82,-1853.33396783
Rh_Cat820,-2665.81252728
Rh_Cat821,-2651.32805109
Rh_Cat822,-3109.12916595
Rh_Cat823,-3048.09789216
Rh_Cat824,-4489.21100023
Rh_Cat825,-2808.47041882
Rh_Cat826,-2808.45479708
Rh_Cat827,-2808.47090607
Rh_Cat828,-3566.88663009
Rh_Cat829,-2952.11905009
Rh_Cat83,-2167.59299884
Rh_Cat830,-3109.26055037
Rh_Cat831,-3348.88510477
Rh_Cat832,-3109.26975085
Rh_Cat833,-4789.99994467
Rh_Cat834,-2808.46449163
Rh_Cat835,-2965.59891810
Rh_Cat836,-2199.21452825
Rh_Cat837,-2513.48242502
Rh_Cat838,-3109.11955629
Rh_Cat839,-3109.26590901
Rh_Cat84,-2763.23636407
Rh_Cat840,-2965.60648495
Rh_Cat841,-3205.22552672
Rh_Cat85,-2763.38541000
Rh_Cat86,-2619.72539962
Rh_Cat87,-2859.34728231
Rh_Cat88,-1381.95447154
Rh_Cat89,-1539.07334735
Rh_Cat9,-1991.19611726
Rh_Cat90,-2010.45966461
Rh_Cat91,-1696.17410087
Rh_Cat92,-1682.70450951
Rh_Cat93,-2154.11717371
Rh_Cat94,-1996.99873028
Rh_Cat95,-2162.78562298
Rh_Cat96,-2148.31828094
Rh_Cat97,-2606.11185896
Rh_Cat98,-2545.08626904
Rh_Cat99,-3986.19941080
