name,en_react,en_prod,en_ts,f_barr,b_barr
Rh_Cat100,-2305.48227885,-2305.48713485,-2305.45775757,15.3873361522,18.4345222842
Rh_Cat101,-2305.45699499,-2305.4656324,-2305.43901111,11.2850555468,16.705112377
Rh_Cat102,-2305.47996287,-2305.4878488,-2305.46176752,11.4177549806,16.366250972
Rh_Cat103,-3063.88572285,-3063.88746857,-3063.86777389,11.2631429151,12.3585987993
Rh_Cat104,-2449.13550475,-2449.13811249,-2449.11184276,14.848123514,16.4845051374
Rh_Cat105,-2606.27121032,-2606.27717048,-2606.24923159,13.7918618731,17.5319188947
Rh_Cat106,-2845.89670917,-2845.9024246,-2845.87507708,13.5743419798,17.1608286012
Rh_Cat107,-2606.27248742,-2606.27895183,-2606.24456491,17.5216402887,21.5781189758
Rh_Cat108,-4287.0117696,-4287.0178578,-4286.99036443,13.4319475238,17.2523508616
Rh_Cat109,-2305.48014017,-2305.48316301,-2305.45075514,18.4393854828,20.3362462998
Rh_Cat10,-2449.01729,-2449.01791223,-2448.99117333,16.3884585332,16.7789137696
Rh_Cat110,-2462.5993291,-2462.61466243,-2462.57410365,15.8292095168,25.4510197585
Rh_Cat111,-1696.22709849,-1696.23438114,-1696.20331746,14.9228222446,19.492754305
Rh_Cat113,-2606.11938914,-2606.12382114,-2606.09804771,13.3919500684,16.1730721725
Rh_Cat114,-2606.27318202,-2606.28419625,-2606.25178983,13.423802451,20.3353364112
Rh_Cat115,-2462.6200381,-2462.62470248,-2462.59774179,13.9911463399,16.9180891016
Rh_Cat116,-2702.24078463,-2702.25461536,-2702.21440363,16.5543281193,25.2332425864
Rh_Cat117,-1375.22449205,-1375.22754771,-1375.19848777,16.3179327407,18.2353884194
Rh_Cat118,-1532.34485794,-1532.34605104,-1532.31928962,16.0443636991,16.7930452835
Rh_Cat119,-2003.72986331,-2003.73038228,-2003.70329256,16.6733980471,16.9990566524
Rh_Cat11,-2387.99044911,-2387.99198876,-2387.96635956,15.1164214758,16.0825664773
Rh_Cat120,-1689.4654722,-1689.46709211,-1689.43440127,19.4973037488,20.513812663
Rh_Cat121,-1675.99554545,-1675.99656674,-1675.97416507,13.4163915636,14.0572607408
Rh_Cat122,-2147.40005047,-2147.40752106,-2147.37703333,14.443474013,19.1313402084
Rh_Cat123,-1990.29698988,-1990.30140984,-1990.27202253,15.6672493148,18.4408162044
Rh_Cat124,-2156.07027458,-2156.06954988,-2156.04621115,15.1000309275,14.6452747929
Rh_Cat125,-2141.58413481,-2141.58544044,-2141.56019886,15.0200360163,15.839331245
Rh_Cat126,-2599.3829191,-2599.38481799,-2599.35846751,15.343605015,16.5351765296
Rh_Cat127,-2538.35651622,-2538.35779573,-2538.33271973,14.9325235415,15.7354282219
Rh_Cat128,-3979.46853881,-3979.46964179,-3979.44494961,14.8024470974,15.4945775256
Rh_Cat129,-2298.72783188,-2298.72921169,-2298.70347238,15.2858176651,16.1516615482
Rh_Cat12,-3829.10480999,-3829.10698195,-3829.08161092,14.5576368161,15.9205623497
Rh_Cat130,-2298.71231404,-2298.71903213,-2298.68914962,14.5358936119,18.7515589088
Rh_Cat131,-2298.72772158,-2298.72844083,-2298.70317082,15.4058351321,15.8571713401
Rh_Cat132,-3057.13617703,-3057.13089379,-3057.11250294,14.8557163788,11.540433088
Rh_Cat133,-2442.38669368,-2442.38322771,-2442.36355221,14.5214922691,12.3465631674
Rh_Cat134,-2599.5282646,-2599.52337032,-2599.50497689,14.6132592584,11.5420520628
Rh_Cat135,-2839.15203641,-2839.15811071,-2839.13051625,13.5041048417,17.3157857975
Rh_Cat136,-2599.53342929,-2599.54149772,-2599.51168206,13.6465934237,18.7096098986
Rh_Cat137,-4280.26756998,-4280.27301166,-4280.24623034,13.3908268268,16.8055327224
Rh_Cat138,-2298.72558579,-2298.73114558,-2298.70558534,12.5504723791,16.0392934221
Rh_Cat139,-2455.86274493,-2455.86541466,-2455.83832753,15.3221504656,16.997431403
Rh_Cat13,-2148.36318495,-2148.36543507,-2148.33932989,14.9692767729,16.3812484491
Rh_Cat140,-1689.47345865,-1689.47520281,-1689.44801738,15.9646386171,17.0591155865
Rh_Cat141,-2003.73815893,-2003.74298245,-2003.71409652,15.0993908679,18.1261954913
Rh_Cat142,-2599.37149906,-2599.37545651,-2599.34645776,15.7136536426,18.1969911131
Rh_Cat143,-2599.53033329,-2599.53442697,-2599.50694658,14.6753826985,17.2442057885
Rh_Cat144,-2455.86775917,-2455.87469009,-2455.849091,11.7144540227,16.0636721664
Rh_Cat145,-2695.49577893,-2695.50116389,-2695.47591861,12.4625394731,15.8416530302
Rh_Cat146,-1610.9268859,-1610.9297767,-1610.90040604,16.6163637086,18.4303681713
Rh_Cat147,-1768.04810681,-1768.04865613,-1768.02058498,17.2702097824,17.6149133009
Rh_Cat148,-2239.43588412,-2239.43399557,-2239.40392086,20.0572493009,18.8721662348
Rh_Cat149,-1925.15928897,-1925.16135244,-1925.13588637,14.6853538247,15.9802008527
Rh_Cat14,-2148.35122219,-2148.35235471,-2148.32661029,15.444201063,16.1548681218
Rh_Cat150,-1911.69534358,-1911.70267359,-1911.67298001,14.033352629,18.633003539
Rh_Cat151,-2383.10106351,-2383.11775591,-2383.08134862,12.3712807666,22.8459203444
Rh_Cat152,-2225.9989744,-2226.0039144,-2225.97587002,14.4982179416,17.5981148717
Rh_Cat153,-2391.7716026,-2391.77243712,-2391.74711839,15.3640743748,15.8877436029
Rh_Cat154,-2377.28223203,-2377.29671333,-2377.2592562,14.4175515955,23.5047049177
Rh_Cat155,-2835.08429437,-2835.08429518,-2835.05955325,15.5252878405,15.5257961233
Rh_Cat156,-2774.05923861,-2774.06171721,-2774.03570977,14.7645706242,16.3199156709
Rh_Cat157,-4215.16633169,-4215.1808653,-4215.1436315,14.244584877,23.3645632209
Rh_Cat159,-2534.38856409,-2534.38354439,-2534.36733675,13.3203575096,10.1704480727
Rh_Cat15,-2148.36356828,-2148.36570919,-2148.33973045,14.9584647844,16.301906148
Rh_Cat160,-2534.43003964,-2534.42910813,-2534.40565956,15.2987318107,14.7142004363
Rh_Cat161,-3292.83177962,-3292.85001007,-3292.81051557,13.3433933834,24.7831739476
Rh_Cat162,-2678.08944929,-2678.09372067,-2678.06727287,13.915914226,16.596245754
Rh_Cat163,-2835.23543753,-2835.24194433,-2835.21291947,14.1302965716,18.2133753861
Rh_Cat164,-3074.85754856,-3074.86322065,-3074.83647925,13.2211921833,16.7804825433
Rh_Cat165,-2835.24411612,-2835.24853672,-2835.22190576,13.9372118984,16.7111803942
Rh_Cat166,-4515.97260459,-4515.98063304,-4515.95193765,12.9687011856,18.0066298309
Rh_Cat167,-2534.42119763,-2534.41950239,-2534.3964349,15.5388483209,14.4750691164
Rh_Cat168,-2691.56597317,-2691.5720475,-2691.5395074,16.6075220998,20.419221881
Rh_Cat169,-1925.17446091,-1925.17954906,-1925.14954741,15.6334579283,18.8263203907
Rh_Cat16,-2906.77319113,-2906.77395664,-2906.74911861,15.105734989,15.5860997863
Rh_Cat170,-2239.43608257,-2239.42979726,-2239.40082138,22.1267317065,18.1826399711
Rh_Cat171,-2835.07010022,-2835.07074308,-2835.04789143,13.9362267083,14.3396274655
Rh_Cat172,-2835.2378487,-2835.23752619,-2835.2152938,14.1534140216,13.9510359328
Rh_Cat173,-2691.5686903,-2691.57547001,-2691.54098635,17.3844918126,21.6388242449
Rh_Cat174,-2931.19114591,-2931.19072931,-2931.16968334,13.4679665694,13.2065461115
Rh_Cat175,-1532.37467522,-1532.37853564,-1532.34988192,15.5580312864,17.9804815105
Rh_Cat176,-1689.49686165,-1689.49528207,-1689.47103363,16.2073279162,15.2161264602
Rh_Cat177,-2160.88139623,-2160.88071816,-2160.85517712,16.4527406066,16.0272452399
Rh_Cat178,-1846.60534734,-1846.60702885,-1846.58029356,15.7214849609,16.7766484603
Rh_Cat179,-1833.14053372,-1833.14363069,-1833.11935214,13.2916426749,15.2350207712
Rh_Cat17,-2292.003555,-2292.00942094,-2291.97956732,15.0524970827,18.7334301593
Rh_Cat180,-2304.55444904,-2304.55335346,-2304.52746452,16.9330426527,16.2455557948
Rh_Cat181,-2147.44799353,-2147.45120481,-2147.42368826,15.2517878252,17.2668965324
Rh_Cat182,-2313.21539694,-2313.21869392,-2313.18980833,16.057095867,18.1259821383
Rh_Cat183,-2298.73457963,-2298.73490755,-2298.71357216,13.1823869962,13.3881599114
Rh_Cat184,-2756.5327521,-2756.53599874,-2756.51150639,13.3318848593,15.3691823026
Rh_Cat185,-2695.50718977,-2695.50753101,-2695.48620672,13.1670632139,13.3811945557
Rh_Cat186,-4136.6195739,-4136.62034274,-4136.59906635,12.8686824472,13.3511368506
Rh_Cat187,-2455.87823462,-2455.88100862,-2455.85698299,13.3355997157,15.0763110687
Rh_Cat188,-2455.86735425,-2455.87153022,-2455.84377453,14.7964983075,17.4169591541
Rh_Cat189,-2455.88011522,-2455.87653791,-2455.85529667,15.5738759012,13.3290798918
Rh_Cat18,-2449.15184028,-2449.15415549,-2449.12847499,14.6619414453,16.1147577147
Rh_Cat190,-3214.2798759,-3214.2715006,-3214.257273,14.1835344776,8.927954162
Rh_Cat191,-2599.53618767,-2599.54379285,-2599.51211585,15.1052957322,19.8776184315
Rh_Cat192,-2756.68501082,-2756.68661418,-2756.66137886,14.8292794038,15.8354030357
Rh_Cat193,-2996.31023832,-2996.3116208,-2996.28714885,14.4888617749,15.3563811086
Rh_Cat194,-2756.68423738,-2756.69145528,-2756.66243361,13.6820728109,18.2113736309
Rh_Cat195,-4437.42639753,-4437.42756406,-4437.40325113,14.5245858907,15.2565945477
Rh_Cat196,-2455.87353902,-2455.87618347,-2455.84174122,19.953421579,21.6128390762
Rh_Cat197,-2613.00712832,-2613.01759411,-2612.98268579,15.3379197792,21.9053024293
Rh_Cat198,-1846.62564034,-1846.62546674,-1846.59958505,16.3499420002,16.2410063511
Rh_Cat199,-2160.88346088,-2160.88285769,-2160.85764849,16.1975199426,15.8190124874
Rh_Cat19,-2688.77656404,-2688.77908209,-2688.75359834,14.4111949241,15.9912952207
Rh_Cat1,-1224.85831474,-1224.85882719,-1224.82994744,17.8007502393,18.1223174826
Rh_Cat200,-2756.52477728,-2756.5175759,-2756.50171674,14.470707925,9.95177356187
Rh_Cat201,-2756.68766734,-2756.68967266,-2756.66603926,13.5718256668,14.8301830171
Rh_Cat202,-2613.01217803,-2613.01348924,-2612.98593508,16.4677004329,17.2904971645
Rh_Cat203,-2852.63755142,-2852.6381383,-2852.61144864,16.3797424263,16.7480152015
Rh_Cat204,-1615.28810381,-1615.28825708,-1615.25913181,18.1802052339,18.276383615
Rh_Cat205,-1772.40160117,-1772.40900395,-1772.37812953,14.7286770806,19.3739918569
Rh_Cat206,-2243.7922676,-2243.79671073,-2243.76566533,16.6931771464,19.4812834313
Rh_Cat207,-1929.50498508,-1929.51080631,-1929.48250587,14.1059178275,17.7587949541
Rh_Cat208,-1916.03570176,-1916.04060712,-1916.01490316,13.0513190867,16.1294790877
Rh_Cat209,-2387.43746603,-2387.43960043,-2387.41765355,12.4325194185,13.7718756954
Rh_Cat20,-2449.15297033,-2449.15894213,-2449.12383359,18.283581149,22.0309423813
Rh_Cat210,-2230.32861438,-2230.33373252,-2230.30587089,14.2717560383,17.4834375106
Rh_Cat211,-2396.116283,-2396.1234265,-2396.0943718,13.7494861564,18.2321002696
Rh_Cat212,-2381.64901079,-2381.64647054,-2381.62261685,16.5624480922,14.9684170848
Rh_Cat213,-2839.44700208,-2839.44529732,-2839.42017039,16.8371403761,15.7673872809
Rh_Cat214,-2778.42043402,-2778.41787578,-2778.39410849,16.5195201676,14.9142002644
Rh_Cat215,-4219.53404782,-4219.53122783,-4219.50773817,16.5095553163,14.7399848015
Rh_Cat216,-2538.79295192,-2538.79092749,-2538.76618972,16.793534741,15.5231856837
Rh_Cat217,-2538.74797919,-2538.75298539,-2538.73578804,7.65006244095,10.7915004999
Rh_Cat218,-2538.79334121,-2538.79089964,-2538.76667389,16.7339966395,15.2018882696
Rh_Cat21,-4129.88706151,-4129.88070179,-4129.86383499,14.5748619521,10.5840772344
Rh_Cat223,-2839.584218,-2839.58410219,-2839.56009078,15.1400597586,15.0673878835
Rh_Cat225,-2538.77615997,-2538.79086561,-2538.7513837,15.5473447996,24.775273603
Rh_Cat226,-2695.90760205,-2695.92003436,-2695.88450756,14.4920118726,22.2934045045
Rh_Cat227,-1929.53233023,-1929.54061183,-1929.5087593,14.7909824988,19.987765174
Rh_Cat228,-2243.79529991,-2243.79679253,-2243.76822706,16.9884705671,17.925103797
Rh_Cat229,-2839.42744679,-2839.42153003,-2839.40614935,13.3643459258,9.65152281669
Rh_Cat22,-2148.35802275,-2148.3621066,-2148.3307925,17.0872405625,19.649895234
Rh_Cat230,-2839.580036,-2839.59096596,-2839.55672921,14.6252321394,21.4838858743
Rh_Cat231,-2695.92119809,-2695.92773405,-2695.89492673,16.4855279779,20.5869049694
Rh_Cat232,-2935.55037479,-2935.55504021,-2935.52514474,15.8320960605,18.7596914318
Rh_Cat233,-1608.04054649,-1608.04260418,-1608.01404024,16.6329236844,17.9241437074
Rh_Cat234,-1765.16130384,-1765.16389572,-1765.13543814,16.2309724743,17.8574017971
Rh_Cat235,-2236.5473354,-2236.55192227,-2236.52207522,15.8510029219,18.7293074221
Rh_Cat236,-1922.27560141,-1922.28077164,-1922.25135548,15.2145514113,18.4589198535
Rh_Cat237,-1908.78747782,-1908.79143563,-1908.76575514,13.6311880655,16.1147514397
Rh_Cat238,-2380.1942074,-2380.20194286,-2380.17329984,13.1196925219,17.9737671589
Rh_Cat239,-2223.0872371,-2223.08692995,-2223.06561001,13.5712044324,13.3784648894
Rh_Cat23,-2305.49512155,-2305.50109057,-2305.46921759,16.2549809877,20.0005977434
Rh_Cat240,-2388.8875691,-2388.89161239,-2388.86289793,15.4813935509,18.0185964372
Rh_Cat241,-2374.3945794,-2374.39209544,-2374.37399159,12.9190463592,11.3603378616
Rh_Cat242,-2832.1929991,-2832.19317316,-2832.17134012,13.5912157104,13.7004400138
Rh_Cat244,-4212.28319495,-4212.28021746,-4212.25853548,15.4740516895,13.6056484287
Rh_Cat245,-2531.53885662,-2531.53873973,-2531.51698789,13.7228358278,13.6494862425
Rh_Cat246,-2531.52154406,-2531.53464878,-2531.50238635,12.0216450232,20.2449813182
Rh_Cat247,-2531.54362277,-2531.53961396,-2531.51765948,16.2922111264,13.7766447677
Rh_Cat248,-3289.93786563,-3289.94983376,-3289.91994428,11.2458173779,18.75593265
Rh_Cat249,-2675.17926773,-2675.18989339,-2675.15850003,13.0319290431,19.6996316369
Rh_Cat24,-1539.11051882,-1539.11057805,-1539.08273347,17.4355710858,17.4727384735
Rh_Cat250,-2832.32924201,-2832.33496324,-2832.30844758,13.0487023721,16.6388285487
Rh_Cat251,-3071.95486577,-3071.9569877,-3071.9344053,12.8391392996,14.1706705327
Rh_Cat252,-2832.32372734,-2832.33997032,-2832.30451729,12.0544888704,22.2471131286
Rh_Cat253,-4513.06802618,-4513.0755297,-4513.04669262,13.3870115689,18.0955416522
Rh_Cat254,-2531.54123402,-2531.54406326,-2531.51878174,14.0890189966,15.8643939742
Rh_Cat255,-2688.6736525,-2688.67472754,-2688.64826824,15.9288643005,16.6034621132
Rh_Cat256,-1922.29209821,-1922.29219936,-1922.26617306,16.2682779139,16.3317504999
Rh_Cat257,-2236.55186844,-2236.55318906,-2236.5260421,16.2062737003,17.0349752963
Rh_Cat258,-2832.18584856,-2832.18621549,-2832.16506516,13.0417809425,13.2720330032
Rh_Cat259,-2832.33529095,-2832.34180157,-2832.31541464,12.4725733498,16.5580492507
Rh_Cat25,-1853.36889666,-1853.37111346,-1853.34220412,16.7498224292,18.1408854888
Rh_Cat260,-2688.6805765,-2688.68253361,-2688.65680219,14.918605381,16.1467104987
Rh_Cat261,-2928.30675786,-2928.3086346,-2928.28322125,14.7694463726,15.9471185517
Rh_Cat262,-1836.93913188,-1836.94191985,-1836.91221875,16.8882447498,18.6377224105
Rh_Cat263,-1994.05969099,-1994.06037961,-1994.03363028,16.3533431018,16.7854586937
Rh_Cat264,-2465.44559896,-2465.45034989,-2465.42044283,15.7857105583,18.766964267
Rh_Cat265,-2151.16621351,-2151.17282523,-2151.14483456,13.4154942249,17.5644113362
Rh_Cat266,-2137.68670456,-2137.69091455,-2137.66489916,13.6830956514,16.3249043711
Rh_Cat267,-2609.09777536,-2609.10270059,-2609.06946431,17.7654528299,20.8560814446
Rh_Cat268,-2451.98609,-2451.98647999,-2451.96469145,13.4277934112,13.6725158413
Rh_Cat269,-2617.78625501,-2617.79037956,-2617.76135611,15.6242962894,18.2124905977
Rh_Cat26,-2449.00655053,-2449.01077046,-2448.98162101,15.6435106305,18.2915567949
Rh_Cat270,-2603.293623,-2603.29507281,-2603.27152127,13.8690455415,14.7788150896
Rh_Cat271,-3061.09405408,-3061.09497511,-3061.06887732,15.7986560794,16.3766111541
Rh_Cat272,-3000.06651426,-3000.06888014,-3000.04406381,14.0878706544,15.5724828303
Rh_Cat273,-4441.17894441,-4441.18237729,-4441.1575899,13.4001578932,15.5543227051
Rh_Cat274,-2760.44251693,-2760.44002486,-2760.41566739,16.8483414204,15.2845438208
Rh_Cat275,-2760.42539648,-2760.42326063,-2760.40246448,14.3900478539,13.0497816884
Rh_Cat276,-2760.4400402,-2760.43940177,-2760.41779641,13.9581895411,13.557568651
Rh_Cat277,-3518.7690231,-3518.77647463,-3518.74947255,12.2681558553,16.9440617197
Rh_Cat278,-2904.07968755,-2904.09105752,-2904.05883467,13.0853803023,20.220144492
Rh_Cat279,-3061.23015158,-3061.2360099,-3061.20861701,13.5131472533,17.1892987075
Rh_Cat27,-2449.15513791,-2449.16178239,-2449.13194803,14.551870004,18.7213443266
Rh_Cat280,-3300.85602466,-3300.86146018,-3300.83215502,14.9784258617,18.3892662991
Rh_Cat281,-3061.22433148,-3061.24164955,-3061.20355408,13.0380158853,23.9052693322
Rh_Cat282,-4741.96892708,-4741.97658402,-4741.94725506,13.599398434,18.4042010248
Rh_Cat283,-2760.43525267,-2760.43737504,-2760.41141839,14.9562371256,16.2880444631
Rh_Cat284,-2917.57288434,-2917.58787089,-2917.55019801,14.2358875954,23.6400900925
Rh_Cat285,-2151.19003214,-2151.19067175,-2151.16400458,16.3325411617,16.7339025132
Rh_Cat286,-2465.45122946,-2465.45290181,-2465.42532603,16.2546484074,17.3040639199
Rh_Cat287,-3061.08454699,-3061.08499146,-3061.06346069,13.23185357,13.5107627173
Rh_Cat288,-3061.23392256,-3061.23593216,-3061.21288187,13.2032328616,14.464275953
Rh_Cat289,-2917.58010107,-2917.5859002,-2917.55577894,15.2623676354,18.9013768021
Rh_Cat28,-2305.50168876,-2305.50590997,-2305.4767323,15.6604157363,18.3092651129
Rh_Cat290,-3157.20613179,-3157.20822674,-3157.18236305,14.9151101533,16.2297111802
Rh_Cat291,-1806.42662906,-1806.42844238,-1806.40027035,16.5403409328,17.6782164593
Rh_Cat292,-1963.54976933,-1963.55138146,-1963.52432523,15.9664144689,16.9780413592
Rh_Cat293,-2434.93193656,-2434.93694305,-2434.9067649,15.7954557808,18.9370758176
Rh_Cat294,-2120.66097651,-2120.66586907,-2120.63666135,15.2579938942,18.3281217734
Rh_Cat295,-2107.17264506,-2107.17651041,-2107.15198404,12.9649863296,15.3905301754
Rh_Cat296,-2578.58060442,-2578.58845803,-2578.55971681,13.1071737073,18.0353885916
Rh_Cat297,-2421.47120119,-2421.47358922,-2421.45169471,12.2405015116,13.7390130229
Rh_Cat298,-2587.27303591,-2587.2769682,-2587.24824693,15.5553204455,18.0228697771
Rh_Cat299,-2572.78480136,-2572.78108429,-2572.75937751,15.9537074017,13.6212106644
Rh_Cat29,-2545.12786409,-2545.13149159,-2545.10082824,16.9652527157,19.2415434271
Rh_Cat2,-1381.98182541,-1381.98188558,-1381.95365122,17.6795718799,17.7173291264
Rh_Cat300,-3030.58333061,-3030.58100243,-3030.5604145,14.3800767278,12.9191216601
Rh_Cat301,-2969.55624532,-2969.55284392,-2969.53126134,15.6776847977,13.5432739846
Rh_Cat302,-4410.66861869,-4410.66498599,-4410.64353493,15.7402976955,13.460743935
Rh_Cat303,-2729.9230525,-2729.92646501,-2729.90178873,13.3432176806,15.4846001245
Rh_Cat304,-2729.90770686,-2729.91552566,-2729.88833142,12.1582726665,17.0646439453
Rh_Cat305,-2729.85182731,-2729.84847955,-2729.8294705,14.0291106647,11.928359461
Rh_Cat306,-3488.25443205,-3488.26208204,-3488.23546427,11.9024621439,16.7029035438
Rh_Cat307,-2873.56528648,-2873.57614334,-2873.54451097,13.0368298924,19.8496126825
Rh_Cat308,-3030.70445891,-3030.71125097,-3030.68275817,13.6174205071,17.8795026817
Rh_Cat309,-3270.34119873,-3270.3429565,-3270.32065541,12.8911284615,13.9941458353
Rh_Cat30,-1303.41932847,-1303.4200076,-1303.39234774,16.9306643919,17.3568249186
Rh_Cat310,-3030.7100129,-3030.72580467,-3030.6910842,11.8779390725,21.7874247693
Rh_Cat311,-4711.45378197,-4711.46108048,-4711.43231076,13.4733882513,18.0532726124
Rh_Cat312,-2729.92214842,-2729.92301768,-2729.89773641,15.3187681892,15.8642370971
Rh_Cat313,-2887.05365323,-2887.06062403,-2887.03179421,13.7167427105,18.0909859332
Rh_Cat314,-2120.67703177,-2120.67734799,-2120.65112087,16.2593359038,16.4577669576
Rh_Cat315,-2434.93695254,-2434.93820507,-2434.91117209,16.1774772894,16.9634517633
Rh_Cat316,-3030.57302753,-3030.57339367,-3030.55209158,13.1375075168,13.3672638449
Rh_Cat318,-2887.074183,-2887.08433837,-2887.05400633,12.6610521035,19.0336432543
Rh_Cat319,-3126.69147278,-3126.69304896,-3126.66778966,14.8613827896,15.8504507134
Rh_Cat31,-1460.5378393,-1460.53978716,-1460.51221673,16.0784060894,17.3007067441
Rh_Cat320,-2526.98392998,-2526.98537001,-2526.95755885,16.5481346007,17.4517671061
Rh_Cat321,-2684.10734834,-2684.10543202,-2684.08193234,15.948781452,14.746272447
Rh_Cat322,-3155.48966577,-3155.49373807,-3155.46472922,15.6479220222,18.2033289588
Rh_Cat323,-2841.21832801,-2841.22306661,-2841.19421545,15.1308604694,18.1043769861
Rh_Cat324,-2827.72953536,-2827.73313425,-2827.70796614,13.5348904578,15.7932281222
Rh_Cat325,-3299.13823927,-3299.14683852,-3299.11888746,12.1434446172,17.539555685
Rh_Cat326,-3142.02716643,-3142.02935457,-3142.00773215,12.1951953257,13.5682739632
Rh_Cat327,-3307.83074626,-3307.83415407,-3307.80625345,15.3694709567,17.5079041058
Rh_Cat328,-3293.34273104,-3293.33630701,-3293.31567331,16.9789826236,12.9478427701
Rh_Cat329,-3751.14103163,-3751.13818567,-3751.1177237,14.6259475001,12.8400805636
Rh_Cat32,-1931.92333484,-1931.92511425,-1931.89681714,16.6401086682,17.7567053476
Rh_Cat330,-3690.11418333,-3690.10808044,-3690.08777139,16.5737432634,12.7441218109
Rh_Cat331,-5131.22107038,-5131.22030171,-5131.19962181,13.4591814363,12.9768337089
Rh_Cat332,-3450.48169797,-3450.48399049,-3450.46028117,13.4392454595,14.8778235384
Rh_Cat333,-3450.4676536,-3450.46200893,-3450.44666115,13.1729618033,9.63087775388
Rh_Cat334,-3450.48386389,-3450.48424134,-3450.46209997,13.6570665572,13.8939200181
Rh_Cat335,-4208.88453985,-4208.89846027,-4208.86636144,11.4071249696,20.1423207639
Rh_Cat336,-3594.13079218,-3594.14313492,-3594.10062627,18.9293951012,26.6745817074
Rh_Cat337,-3751.26034415,-3751.26677093,-3751.23880842,13.5138751644,17.5467406687
Rh_Cat338,-3990.8964853,-3990.89824942,-3990.87612267,12.7777437702,13.8847458292
Rh_Cat339,-3751.26568416,-3751.28133839,-3751.24668142,11.924399876,21.7475779162
Rh_Cat33,-1617.64993598,-1617.6502482,-1617.62598923,15.0268131192,15.2227341353
Rh_Cat340,-5432.01109462,-5432.01309761,-5431.99080192,12.7338620307,13.9907572839
Rh_Cat341,-3450.47975452,-3450.48681691,-3450.45516366,15.4309982632,19.8627150809
Rh_Cat342,-3607.61303287,-3607.617078,-3607.5910379,13.8020526272,16.340410131
Rh_Cat343,-2841.23403475,-2841.2341005,-2841.20831664,16.1383583471,16.1796170967
Rh_Cat344,-3155.48513754,-3155.4957629,-3155.46934681,9.90883308689,16.5763474279
Rh_Cat345,-3751.12443801,-3751.13169624,-3751.10705584,10.9074768056,15.4620850838
Rh_Cat346,-3751.27527919,-3751.27727035,-3751.25484118,12.8250454363,14.0745172522
Rh_Cat347,-3607.62320894,-3607.628565,-3607.59998521,14.5731112005,17.9340897331
Rh_Cat348,-3847.2490329,-3847.25628562,-3847.22522244,14.9412898495,19.4924405504
Rh_Cat349,-1686.61219139,-1686.6142442,-1686.58556131,16.7106281857,17.9987859625
Rh_Cat34,-1604.1677934,-1604.17230494,-1604.14383423,15.0346067871,17.8656409967
Rh_Cat350,-1843.73332983,-1843.73328215,-1843.70740183,16.270066316,16.240146663
Rh_Cat351,-2315.11924246,-2315.12335568,-2315.09405263,15.8068576283,18.3879422538
Rh_Cat352,-2000.83988076,-2000.84633913,-2000.81851754,13.4056235006,17.4583120301
Rh_Cat353,-1987.35799874,-1987.36225081,-1987.33728286,12.9994115009,15.6676258205
Rh_Cat354,-2458.76976686,-2458.77866055,-2458.74095937,18.0769736461,23.6578486113
Rh_Cat355,-2301.65912852,-2301.65891218,-2301.63741507,13.625396153,13.4896407475
Rh_Cat356,-2467.45977848,-2467.46372542,-2467.43500333,15.5466419887,18.0233843348
Rh_Cat357,-2452.97189952,-2452.96756511,-2452.9443486,17.2884640338,14.5685805819
Rh_Cat358,-2910.76442127,-2910.76785714,-2910.74273712,13.6070101245,15.7630511902
Rh_Cat359,-2849.73906216,-2849.74082538,-2849.71735702,13.6201815488,14.7266188495
Rh_Cat35,-2075.57113858,-2075.57813189,-2075.54696958,15.1662771054,19.5546455667
Rh_Cat360,-4290.85196267,-4290.85376983,-4290.8304482,13.5005343122,14.6345443801
Rh_Cat361,-2610.11551334,-2610.11206112,-2610.08858807,16.8958627151,14.7295618691
Rh_Cat362,-2610.09750752,-2610.10321537,-2610.0804186,10.7234596447,14.3051897442
Rh_Cat363,-2610.11595014,-2610.11257457,-2610.09017571,16.1736996822,14.0554974392
Rh_Cat364,-3368.43830433,-3368.44636466,-3368.41927042,11.9439593471,17.0018929954
Rh_Cat365,-2753.75173805,-2753.76269975,-2753.7309343,13.0545507604,19.9331216468
Rh_Cat366,-2910.89990206,-2910.90758206,-2910.87844123,13.4668747028,18.2861476629
Rh_Cat367,-3150.52749472,-3150.5296553,-3150.50700164,12.8596023843,14.2153868597
Rh_Cat368,-2910.89619691,-2910.9124787,-2910.87685764,12.1355756482,22.3525535502
Rh_Cat369,-4591.64073298,-4591.64840464,-4591.61918494,13.5215998065,18.3356393371
Rh_Cat36,-1918.46724859,-1918.46916824,-1918.44363038,14.820651148,16.0252497597
Rh_Cat370,-2610.10828907,-2610.11015686,-2610.08465697,14.8293672548,16.0014232239
Rh_Cat371,-2767.24609613,-2767.24712107,-2767.22022053,16.2371848181,16.8803444052
Rh_Cat372,-2000.86354144,-2000.8640049,-2000.83751424,16.3323152584,16.6231408113
Rh_Cat373,-2315.12429522,-2315.12554741,-2315.09837707,16.2638853475,17.0496464682
Rh_Cat374,-2910.75803153,-2910.75851601,-2910.73701621,13.1873129456,13.4913287482
Rh_Cat375,-2910.90372325,-2910.9113261,-2910.88270355,13.1900614372,17.9609220395
Rh_Cat376,-2767.25300514,-2767.25508453,-2767.22908793,15.0082764885,16.3131134679
Rh_Cat377,-3006.87919954,-3006.88109321,-3006.85549485,14.8749181697,16.0632140844
Rh_Cat378,-1686.60603473,-1686.61331329,-1686.58117218,15.6014863191,20.1688518655
Rh_Cat379,-1843.71784483,-1843.72525599,-1843.69482094,14.447709702,19.098283008
Rh_Cat37,-2084.26053289,-2084.25863942,-2084.23644871,15.1130517497,13.9248813367
Rh_Cat380,-2315.1057092,-2315.11502886,-2315.08234709,14.6599459651,20.5081211519
Rh_Cat381,-2000.82984837,-2000.83962523,-2000.80577272,15.1076990937,21.2427716238
Rh_Cat382,-1987.35325343,-1987.3569649,-1987.33262074,12.9472089855,15.2761916696
Rh_Cat383,-2458.75970426,-2458.76581301,-2458.73917995,12.8791995059,16.7124981639
Rh_Cat384,-2301.64762221,-2301.6582142,-2301.62498382,14.2058047896,20.8523791387
Rh_Cat385,-2467.44191446,-2467.45091737,-2467.41797161,15.024365832,20.6737773845
Rh_Cat386,-2452.96225768,-2452.963283,-2452.94196255,12.7353868789,13.3787849193
Rh_Cat387,-2910.76022284,-2910.76147616,-2910.73981002,12.809238472,13.5957086783
Rh_Cat388,-2849.73474592,-2849.73593404,-2849.71465302,12.6084856327,13.3540422197
Rh_Cat389,-4290.84695407,-4290.84856695,-4290.82712967,12.4399993314,13.4520968537
Rh_Cat38,-2069.78203479,-2069.78242543,-2069.7578645,15.1670865929,15.4122169038
Rh_Cat390,-2610.10618824,-2610.10710843,-2610.08570473,12.8535971183,13.4310250852
Rh_Cat391,-2610.07260529,-2610.07932809,-2610.05576702,10.5661743885,14.7847952553
Rh_Cat392,-2610.10644935,-2610.10751748,-2610.08558927,13.0898983706,13.7601600928
Rh_Cat393,-3368.47635,-3368.48939937,-3368.47080998,3.47641518013,11.6650188241
Rh_Cat394,-2753.75210085,-2753.76410694,-2753.73193767,12.652587,20.186522533
Rh_Cat395,-2910.89292711,-2910.90045932,-2910.87268517,12.7020096486,17.4285429797
Rh_Cat396,-3150.51947847,-3150.52194316,-3150.49844237,13.2003525932,14.7469689825
Rh_Cat397,-2910.89690333,-2910.90556026,-2910.87003804,16.8582246952,22.2905305111
Rh_Cat398,-4591.63563251,-4591.64171811,-4591.6122757,14.6566201643,18.4753919775
Rh_Cat399,-2610.10125539,-2610.10931479,-2610.07746553,14.9283631536,19.9857132179
Rh_Cat39,-2527.5787707,-2527.57940856,-2527.55463993,15.1422874172,15.5425506269
Rh_Cat3,-1853.36527581,-1853.36746409,-1853.33853891,16.7776587506,18.1508252393
Rh_Cat400,-2767.22941053,-2767.24741187,-2767.20335115,16.3525085143,27.648520377
Rh_Cat401,-2000.84795313,-2000.85815325,-2000.82466362,14.6143887754,21.0150609765
Rh_Cat402,-2315.11885258,-2315.1255318,-2315.0938252,15.70491871,19.8961927126
Rh_Cat403,-2910.74097881,-2910.74027986,-2910.71559605,15.9279230362,15.4893252713
Rh_Cat404,-2910.90213787,-2910.90468653,-2910.87990529,13.9511551595,15.5504635219
Rh_Cat405,-2767.24522515,-2767.25202148,-2767.22107866,15.1521518667,19.416913507
Rh_Cat406,-3006.87189326,-3006.8802564,-3006.84828358,14.8152984919,20.0632482916
Rh_Cat407,-1686.61284433,-1686.61497079,-1686.58626307,16.6799931719,18.0143670232
Rh_Cat408,-1843.73584794,-1843.73834041,-1843.71049205,15.9110618559,17.4751104594
Rh_Cat409,-2315.11969443,-2315.12341114,-2315.09426549,15.9569014249,18.2891722586
Rh_Cat40,-2466.55324496,-2466.55330307,-2466.52958307,14.8480607629,14.8845253398
Rh_Cat410,-2000.84796584,-2000.85328184,-2000.82372586,15.2108177298,18.5466582318
Rh_Cat411,-1987.3594437,-1987.36301715,-1987.33748865,13.7770024479,16.0193762706
Rh_Cat412,-2458.7687634,-2458.77476374,-2458.73998755,18.0571192455,21.8223895987
Rh_Cat413,-2301.65886166,-2301.65933141,-2301.63790473,13.1506726658,13.4454452534
Rh_Cat414,-2467.46048246,-2467.46473539,-2467.43577903,15.5016370076,18.1703909854
Rh_Cat415,-2452.97316576,-2452.96907169,-2452.95000918,14.5309739375,11.9619061188
Rh_Cat416,-2910.77017003,-2910.76819311,-2910.74685244,14.632009242,13.3914731613
Rh_Cat417,-2849.74561477,-2849.74213239,-2849.72132573,15.2416033459,13.0563768132
Rh_Cat418,-4290.85806386,-4290.8547471,-4290.83416083,14.9993784037,12.9180799948
Rh_Cat419,-2610.11700483,-2610.11321342,-2610.09356965,14.7057980842,12.3266522909
Rh_Cat41,-3907.66628108,-3907.6660943,-3907.64288099,14.6837787759,14.5665725516
Rh_Cat420,-2610.09307526,-2610.10210926,-2610.0743109,11.7748141615,17.4437349844
Rh_Cat421,-2610.11124976,-2610.11208239,-2610.08961974,13.5730430352,14.0955262701
Rh_Cat422,-3368.50884352,-3368.5235318,-3368.49049919,11.5112413463,20.7282765849
Rh_Cat423,-2753.75139684,-2753.76220725,-2753.73074982,12.9562011967,19.7398361706
Rh_Cat424,-2910.9016735,-2910.90387343,-2910.88086524,13.0573808286,14.437857803
Rh_Cat425,-3150.51595263,-3150.52135243,-3150.49481716,13.262708212,16.6511340103
Rh_Cat426,-2910.89427434,-2910.91183789,-2910.87701832,10.8283164821,21.8496109608
Rh_Cat427,-4591.64148578,-4591.64301769,-4591.61276473,18.022731725,18.9840198033
Rh_Cat428,-2610.1084922,-2610.11084104,-2610.08498076,14.7536519588,16.2275713729
Rh_Cat429,-2767.24617611,-2767.24722213,-2767.22011155,16.3557590131,17.0121465004
Rh_Cat42,-2226.92541701,-2226.92637296,-2226.90094284,15.3577741795,15.9576418863
Rh_Cat430,-2000.86417945,-2000.86451586,-2000.83816031,16.3272575318,16.5383580028
Rh_Cat431,-2315.12453116,-2315.1256184,-2315.09852935,16.3163827924,16.998636221
Rh_Cat433,-2910.90450543,-2910.90705634,-2910.88420421,12.7392084116,14.3399286703
Rh_Cat434,-2767.25313853,-2767.25535054,-2767.22930914,14.953168604,16.3412258933
Rh_Cat435,-3006.87931571,-3006.88167813,-3006.85580457,14.7534637057,16.2359046988
Rh_Cat436,-2065.82190796,-2065.82679769,-2065.79555762,16.535088678,19.6034407056
Rh_Cat437,-2222.94173492,-2222.94884127,-2222.91728676,15.3414526574,19.8007547927
Rh_Cat438,-2694.32691517,-2694.3385282,-2694.3041376,14.2931415619,21.5804282106
Rh_Cat439,-2380.05112998,-2380.06264487,-2380.02683207,15.2471693551,22.4728722215
Rh_Cat43,-2226.90589648,-2226.90202334,-2226.88067106,15.8291906915,13.3987585466
Rh_Cat440,-2366.56405535,-2366.56935985,-2366.54204332,13.8127579393,17.141382082
Rh_Cat441,-2837.96994272,-2837.97700316,-2837.94729752,14.2100781292,18.6405713036
Rh_Cat442,-2680.86083512,-2680.87114132,-2680.83821703,14.1930663468,20.6603047556
Rh_Cat443,-2846.66316019,-2846.67398677,-2846.63876328,15.3092927955,22.103074598
Rh_Cat444,-2832.17373184,-2832.18038341,-2832.15397981,12.3945864695,16.5685098344
Rh_Cat445,-3289.96995996,-3289.97681907,-3289.94920479,13.0240663491,17.3282230359
Rh_Cat446,-3228.80029422,-3228.80058103,-3228.7690375,19.6138887388,19.7938647385
Rh_Cat447,-4670.06613669,-4670.06837177,-4670.04272468,14.6912586893,16.0937926226
Rh_Cat448,-2989.31654475,-2989.32303686,-2989.29594161,12.9286660797,17.0025267796
Rh_Cat449,-2989.29154317,-2989.28386908,-2989.27441411,10.7486478759,5.93308349706
Rh_Cat44,-2226.9253941,-2226.92594164,-2226.9011589,15.2078182344,15.5514047859
Rh_Cat451,-3747.70195086,-3747.72249041,-3747.68903907,8.10227088706,20.9910336376
Rh_Cat452,-3132.96438353,-3132.96921879,-3132.93882916,16.0356099415,19.0697815266
Rh_Cat453,-3290.08755034,-3290.106045,-3290.06535879,13.9254084445,25.5309832939
Rh_Cat454,-3529.71491031,-3529.73333873,-3529.692936,13.789088281,25.353096901
Rh_Cat455,-3290.10919553,-3290.12315823,-3290.08636641,14.3254896764,23.0872165723
Rh_Cat456,-4970.83124356,-4970.84958887,-4970.80934344,13.7425333513,25.2543896567
Rh_Cat457,-2989.3213703,-2989.33377304,-2989.29474316,16.7087833079,24.4916204837
Rh_Cat459,-2380.07257553,-2380.07689474,-2380.04804144,15.3953745489,18.1057198565
Rh_Cat45,-2985.33264246,-2985.3420517,-2985.31012188,14.1318778954,20.0362653831
Rh_Cat460,-2694.3365531,-2694.33989387,-2694.3117114,15.588402746,17.6847676585
Rh_Cat461,-3289.95506807,-3289.96317903,-3289.93277036,13.9920248531,19.0817293072
Rh_Cat462,-3290.11041163,-3290.11918648,-3290.08922541,13.294554319,18.8008560551
Rh_Cat465,-1758.42608433,-1758.43020721,-1758.40067477,15.9447402909,18.5318866581
Rh_Cat466,-1915.54762783,-1915.54888872,-1915.52331321,15.2576550389,16.0488754923
Rh_Cat467,-2386.93417141,-2386.93290199,-2386.90814179,16.3338338313,15.5372607219
Rh_Cat468,-2072.67176535,-2072.67561268,-2072.64611058,16.0986118954,18.5128480201
Rh_Cat469,-2059.18586656,-2059.19316194,-2059.16563547,12.6952011703,17.2731214267
Rh_Cat46,-2370.57137472,-2370.58102865,-2370.55104026,12.7600668276,18.8179996148
Rh_Cat470,-2530.59383334,-2530.60033877,-2530.57091374,14.3822667362,18.4644858627
Rh_Cat471,-2373.49602902,-2373.50365697,-2373.47478357,13.3317217069,18.1183327973
Rh_Cat472,-2539.28086574,-2539.27915993,-2539.25562455,15.8390865164,14.768674536
Rh_Cat473,-2524.78520475,-2524.78548238,-2524.76639328,11.8043761339,11.9785915963
Rh_Cat474,-2982.58520866,-2982.5856818,-2982.56557445,12.3206532999,12.617553145
Rh_Cat475,-2921.55738852,-2921.55830522,-2921.53838001,11.928020606,12.5032585646
Rh_Cat476,-4362.66788643,-4362.67445739,-4362.64446368,14.6979981414,18.8213379652
Rh_Cat477,-2681.92416509,-2681.92898304,-2681.90193915,13.9469884963,16.9702978918
Rh_Cat478,-2681.91941913,-2681.92093758,-2681.89395791,15.9771574314,16.9299992318
Rh_Cat479,-2681.92508636,-2681.92915919,-2681.90310217,13.795288075,16.3510275919
Rh_Cat47,-2527.70395232,-2527.70555538,-2527.68045582,14.7442769667,15.7502123458
Rh_Cat480,-3440.3376621,-3440.34063287,-3440.31506663,14.1788720822,16.0430584793
Rh_Cat481,-2825.58085105,-2825.58484463,-2825.55932468,13.5080016756,16.0140110647
Rh_Cat482,-2982.72110966,-2982.71995275,-2982.6987729,14.016529099,13.2905570835
Rh_Cat483,-3222.36040314,-3222.3464147,-3222.32352735,23.139908545,14.3620295548
Rh_Cat484,-2982.73188229,-2982.7418489,-2982.71361591,11.4623269807,17.7164694385
Rh_Cat485,-4663.45683537,-4663.46016406,-4663.43486306,13.7878332619,15.8766178599
Rh_Cat486,-2681.91791648,-2681.93395587,-2681.89307366,15.5891055566,25.6539751559
Rh_Cat487,-2839.0613102,-2839.07098651,-2839.03590585,15.9414709666,22.0134474162
Rh_Cat488,-2072.68239459,-2072.68338846,-2072.64933419,20.7457150738,21.3693779406
Rh_Cat489,-2386.94139463,-2386.94167173,-2386.90757677,21.2210284197,21.3949113021
Rh_Cat48,-2767.32926709,-2767.33795902,-2767.30722838,13.8294998926,19.2837685411
Rh_Cat490,-2982.56778764,-2982.56217731,-2982.54614695,13.5797385615,10.0592031885
Rh_Cat491,-2982.73562768,-2982.73732448,-2982.7147551,13.0977422397,14.1625003593
Rh_Cat492,-2839.0672044,-2839.06560517,-2839.03775981,18.4767599485,17.4732279309
Rh_Cat493,-3078.69303561,-3078.70149878,-3078.67095815,13.853815886,19.1645354609
Rh_Cat494,-1836.99931455,-1837.00384748,-1836.97472014,15.4332259219,18.2776825598
Rh_Cat495,-1994.11780271,-1994.11885259,-1994.09328168,15.3871792748,16.0459889486
Rh_Cat496,-2465.50062143,-2465.50499975,-2465.47534257,15.8627247992,18.6101621932
Rh_Cat497,-2151.24209927,-2151.24533703,-2151.21639582,16.1291590578,18.1608842165
Rh_Cat498,-2137.7644505,-2137.76195815,-2137.73140421,20.7368609146,19.1728876122
Rh_Cat499,-2609.17033133,-2609.17108628,-2609.14838973,13.7685624452,14.2423007423
Rh_Cat49,-2527.71357604,-2527.71927191,-2527.68313543,19.1017719607,22.6759844963
Rh_Cat4,-1539.09704426,-1539.09525214,-1539.07035105,16.7502428605,15.6256705353
Rh_Cat500,-2452.06639385,-2452.07351244,-2452.0450916,13.3673642465,17.8343470979
Rh_Cat501,-2617.85174818,-2617.84931448,-2617.8255437,16.4435601427,14.9163902725
Rh_Cat502,-2603.35519158,-2603.35547916,-2603.33634845,11.8242430846,12.0047022667
Rh_Cat503,-3061.1535277,-3061.15161086,-3061.12950221,15.0762232171,13.8733879072
Rh_Cat504,-3000.12750656,-3000.12805577,-3000.10876985,11.7574635236,12.1020980163
Rh_Cat505,-4441.23965338,-4441.24025948,-4441.22101317,11.6969088569,12.0772423645
Rh_Cat506,-2760.50017711,-2760.50684982,-2760.47427654,16.2528537304,20.440042646
Rh_Cat507,-2760.49242211,-2760.48249157,-2760.47387569,11.6380547409,5.40654655085
Rh_Cat508,-2760.49609226,-2760.49523977,-2760.47222993,14.9738387669,14.4388931933
Rh_Cat509,-3518.82217726,-3518.81792108,-3518.79749457,15.4886224607,12.8178290769
Rh_Cat50,-4208.44793131,-4208.45107691,-4208.42481084,14.5083145697,16.4822084527
Rh_Cat510,-2904.14646087,-2904.15003986,-2904.12405377,14.0606681173,16.3065183429
Rh_Cat511,-3061.28684233,-3061.29070532,-3061.26435048,14.1138495477,16.5379124712
Rh_Cat512,-3300.91756778,-3300.91600318,-3300.89518634,14.0445662238,13.0627648602
Rh_Cat513,-3061.30441164,-3061.30669154,-3061.28180151,14.1880713712,15.6187302802
Rh_Cat514,-4742.0328263,-4742.03161053,-4742.0105023,14.0085220783,13.2456148533
Rh_Cat515,-2760.48532313,-2760.49360065,-2760.46179353,14.7650475312,19.9592699679
Rh_Cat516,-2917.62987081,-2917.64693307,-2917.60821389,13.5899230406,24.2966532822
Rh_Cat517,-2151.25048897,-2151.254519,-2151.22679978,14.8651917723,17.3940738827
Rh_Cat518,-2465.51108333,-2465.51480933,-2465.48729351,14.9283380532,17.2664384501
Rh_Cat519,-3061.1431064,-3061.14007563,-3061.11879489,15.2557034842,13.3538665169
Rh_Cat51,-2226.91633573,-2226.92221053,-2226.89495589,13.4160527085,17.1025455192
Rh_Cat520,-3061.3009377,-3061.30221386,-3061.27964751,13.3597964818,14.1605990053
Rh_Cat521,-2917.63075561,-2917.63910675,-2917.606859,14.9953497928,20.2357694786
Rh_Cat523,-1956.81221823,-1956.81637333,-1956.78770888,15.3798499638,17.9872146872
Rh_Cat524,-2113.92699992,-2113.93108876,-2113.90219206,15.5671678248,18.1329537687
Rh_Cat525,-2585.3136468,-2585.31504754,-2585.28923262,15.3201298846,16.1991075417
Rh_Cat526,-2271.0542589,-2271.05752217,-2271.02870736,16.0338340896,18.0815670156
Rh_Cat527,-2257.57232812,-2257.57347683,-2257.54537342,16.9143303195,17.6351567573
Rh_Cat528,-2728.98373226,-2728.98420322,-2728.96153918,13.9263685345,14.2219004084
Rh_Cat529,-2571.87932995,-2571.88184388,-2571.85810159,13.3209975694,14.8985125267
Rh_Cat52,-2384.0497754,-2384.05533291,-2384.02388434,16.2468861148,19.7342764362
Rh_Cat530,-2737.66372739,-2737.66818382,-2737.6376688,16.3520127816,19.1484649428
Rh_Cat531,-2723.16878912,-2723.16884088,-2723.14977229,11.9332414849,11.9657213767
Rh_Cat532,-3180.96951308,-3180.96954027,-3180.94969358,12.4369245354,12.4539865186
Rh_Cat533,-3119.93570727,-3119.9291238,-3119.91214244,14.7871546908,10.6559647229
Rh_Cat534,-4561.05230225,-4561.05268888,-4561.03349404,11.8023304532,12.0449444508
Rh_Cat535,-2880.31349102,-2880.31388467,-2880.29397194,12.2484081313,12.4954272458
Rh_Cat536,-2880.3054706,-2880.29516154,-2880.28631742,12.018802405,5.54976931917
Rh_Cat537,-2880.3086229,-2880.31258774,-2880.28670513,13.7536088939,16.2415836597
Rh_Cat538,-3638.72200756,-3638.73015393,-3638.69879801,14.5642131158,19.6761376815
Rh_Cat539,-3023.96438493,-3023.96311563,-3023.94201929,14.0346515735,13.2381537652
Rh_Cat53,-1617.66806623,-1617.66965524,-1617.64148016,16.6830114927,17.6801303634
Rh_Cat540,-3181.09995121,-3181.10357386,-3181.07771292,13.9547382388,16.2279855288
Rh_Cat541,-3420.72975601,-3420.72840562,-3420.70762447,13.8877515996,13.0403690459
Rh_Cat542,-3181.11579678,-3181.11255837,-3181.092448,14.6515812635,12.6194482236
Rh_Cat543,-4861.84494459,-4861.84366721,-4861.82292131,13.8198174207,13.0182493357
Rh_Cat544,-2880.29820869,-2880.3064137,-2880.27488382,14.6365775113,19.7852992339
Rh_Cat545,-3037.44328018,-3037.46093808,-3037.41852978,15.5311111287,26.6116111287
Rh_Cat546,-2271.06281352,-2271.06545236,-2271.03913118,14.8608933323,16.5167905013
Rh_Cat547,-2585.32339027,-2585.32702308,-2585.29965815,14.892130755,17.1717535417
Rh_Cat548,-3180.95569489,-3180.94942841,-3180.93371577,13.7921066015,9.85983087005
Rh_Cat549,-3181.11316072,-3181.1186553,-3181.09192435,13.3260239204,16.7739250687
Rh_Cat54,-1931.92684037,-1931.92878618,-1931.90031464,16.6451475694,17.8661618297
Rh_Cat550,-3037.44329732,-3037.45170829,-3037.41946904,14.9524720687,20.230435648
Rh_Cat551,-3277.07855057,-3277.08938489,-3277.05328249,15.8559602467,22.6545989727
Rh_Cat552,-1836.99919773,-1837.00536601,-1836.97663257,14.1598522691,18.0305065677
Rh_Cat553,-1994.12205815,-1994.12619416,-1994.09933024,14.2619794401,16.8573650073
Rh_Cat554,-2465.51416491,-2465.51902987,-2465.48965985,15.3771579482,18.4299665652
Rh_Cat555,-2151.24472987,-2151.24466381,-2151.21887088,16.2267618854,16.1853086079
Rh_Cat556,-2137.76049757,-2137.76739878,-2137.73958645,13.1219264557,17.4525012921
Rh_Cat557,-2609.1724453,-2609.17873874,-2609.14921547,14.5769390085,18.5261323961
Rh_Cat558,-2452.07140764,-2452.07662732,-2452.04984307,13.5319725384,16.8073713255
Rh_Cat559,-2617.85432796,-2617.85219986,-2617.82869434,16.0853400694,14.7499371025
Rh_Cat55,-2527.55379245,-2527.56118875,-2527.53050114,14.6155182924,19.2567668072
Rh_Cat560,-2603.35440749,-2603.36566413,-2603.33004603,15.2870475838,22.3506961218
Rh_Cat561,-3061.15959341,-3061.16181382,-3061.13000278,18.5684014361,19.9617298051
Rh_Cat562,-3000.12672301,-3000.13786728,-3000.10285187,14.979367126,21.9725024215
Rh_Cat563,-4441.2388657,-4441.24921334,-4441.21525569,14.8155055701,21.3087479727
Rh_Cat564,-2760.50456107,-2760.51041861,-2760.47455701,18.8278326886,22.5034946854
Rh_Cat565,-2760.48691038,-2760.4818951,-2760.46958771,10.8701399906,7.72300414545
Rh_Cat566,-2760.50483308,-2760.51554149,-2760.48445901,12.7849224786,19.5045514835
Rh_Cat567,-3518.91162389,-3518.92484918,-3518.8875056,15.1344560987,23.4334512138
Rh_Cat568,-2904.15917558,-2904.16081142,-2904.13859911,12.9119304014,13.9384355418
Rh_Cat569,-3061.29953679,-3061.30180616,-3061.27899157,12.8923207295,14.3163719636
Rh_Cat56,-2527.71494599,-2527.71863463,-2527.69127651,14.8528235601,17.1674802021
Rh_Cat570,-3300.92516671,-3300.92717891,-3300.90470007,12.8430110331,14.1056856487
Rh_Cat572,-4742.04057333,-4742.04253229,-4742.02003385,12.8887188254,14.1179848353
Rh_Cat573,-2760.49968013,-2760.50912927,-2760.47347916,16.4413575842,22.370782701
Rh_Cat574,-2917.62616264,-2917.64359306,-2917.60246644,14.8695906138,25.8073447528
Rh_Cat575,-2151.25741733,-2151.2571407,-2151.23366629,14.9040032347,14.7304152818
Rh_Cat576,-2465.50690357,-2465.51088,-2465.48132666,16.0497540056,18.5450016067
Rh_Cat577,-3061.13593956,-3061.14706403,-3061.1159091,12.5693039395,19.5500145468
Rh_Cat578,-3061.30942388,-3061.31149898,-3061.28722276,13.9314137106,15.2335586741
Rh_Cat579,-2917.64270935,-2917.64663056,-2917.61344137,18.3659354958,20.8265320223
Rh_Cat57,-2384.06453164,-2384.06414025,-2384.03808745,16.5939804447,16.3483795015
Rh_Cat580,-3157.26546386,-3157.2741037,-3157.24390752,13.5268081353,18.9483898138
Rh_Cat581,-2677.36932644,-2677.37404115,-2677.34520395,15.1370916387,18.0956169534
Rh_Cat582,-2834.48455564,-2834.48849723,-2834.45987842,15.4851899835,17.9585751536
Rh_Cat583,-3305.87687453,-3305.87965228,-3305.85364924,14.5740901153,16.3171546289
Rh_Cat584,-2991.5993826,-2991.61631452,-2991.58860496,6.76307148759,17.3880121408
Rh_Cat585,-2978.13282866,-2978.13666792,-2978.10513541,17.3777774609,19.7869495839
Rh_Cat586,-3449.54006871,-3449.54805925,-3449.520294,12.4088183848,17.4229581448
Rh_Cat587,-3292.43751756,-3292.44038599,-3292.41645368,13.2177848068,15.0177518819
Rh_Cat588,-3458.22303992,-3458.22041713,-3458.19732892,16.1338967544,14.488071113
Rh_Cat589,-3443.72495973,-3443.73067274,-3443.70112987,14.9534635338,18.5384315823
Rh_Cat58,-2623.6811596,-2623.67804236,-2623.65468052,16.6158742511,14.6597765373
Rh_Cat590,-3901.52753617,-3901.52778552,-3901.50790104,12.3212306088,12.4777001027
Rh_Cat591,-3840.49707382,-3840.50260984,-3840.47611123,13.1542243697,16.6281295119
Rh_Cat592,-5281.6091393,-5281.61458785,-5281.58866145,12.8500454147,16.2690623012
Rh_Cat593,-3600.87151164,-3600.87205757,-3600.85219132,12.1236843428,12.4662606042
Rh_Cat594,-3600.86377943,-3600.85397285,-3600.84490858,11.8416376481,5.68791553568
Rh_Cat595,-3600.86624616,-3600.86991165,-3600.84440904,13.7030002528,16.00313005
Rh_Cat596,-4359.28267984,-4359.27659864,-4359.2615504,13.25892433,9.44291355853
Rh_Cat597,-3744.51688424,-3744.52023312,-3744.49487631,13.8101851502,15.9116391645
Rh_Cat598,-3901.6576206,-3901.6612161,-3901.63543167,13.9237643699,16.179974777
Rh_Cat599,-4141.29467099,-4141.29811113,-4141.27403293,12.9505787111,15.1092992424
Rh_Cat59,-1539.11129795,-1539.11206284,-1539.08440026,16.8785560032,17.3585317445
Rh_Cat5,-1525.60940604,-1525.61382997,-1525.58505914,15.2779110455,18.0539691479
Rh_Cat600,-3901.67400082,-3901.67093283,-3901.65090279,14.4942332562,12.5690403852
Rh_Cat601,-5582.40258181,-5582.40104024,-5582.38074894,13.7003333374,12.7329835175
Rh_Cat602,-3600.85894944,-3600.8686051,-3600.8341877,15.5382270865,21.5972454654
Rh_Cat603,-3758.00109489,-3758.01835724,-3757.97985174,13.3302784349,24.1625670523
Rh_Cat604,-2991.62056704,-2991.62465607,-2991.59722675,14.6462537077,17.2121588785
Rh_Cat605,-3305.88142531,-3305.88504401,-3305.85776414,14.847608956,17.1183775836
Rh_Cat606,-3901.51546338,-3901.5126897,-3901.49148392,15.0473389547,13.3068284049
Rh_Cat607,-3901.67709838,-3901.67992741,-3901.65751943,12.2859771252,14.0612203258
Rh_Cat608,-3758.00143612,-3758.00997782,-3757.97783748,14.8083707873,20.1683686834
Rh_Cat60,-1696.23038282,-1696.23095374,-1696.20456494,16.2009649698,16.5592226936
Rh_Cat610,-1686.61105763,-1686.61122206,-1686.58363178,17.2099814206,17.3131628077
Rh_Cat611,-1843.73044549,-1843.73415467,-1843.69963251,19.3354376734,21.6629833606
Rh_Cat612,-2315.11634234,-2315.12094329,-2315.09310161,14.5837788619,17.4709186961
Rh_Cat613,-2000.83652622,-2000.83535374,-2000.8149163,13.5604300942,12.8246877557
Rh_Cat614,-1987.35525546,-1987.35906805,-1987.33366555,13.5478736292,15.9403100737
Rh_Cat615,-2458.76634692,-2458.77536506,-2458.74470591,13.5799393647,19.2389078868
Rh_Cat616,-2301.65114624,-2301.65914919,-2301.62792889,14.5691076897,19.5910348428
Rh_Cat617,-2467.45083511,-2467.45113141,-2467.42542951,15.9422553531,16.1281864181
Rh_Cat618,-2452.96599136,-2452.9685254,-2452.942924,14.4749875399,16.0651217134
Rh_Cat619,-2910.76488612,-2910.76295782,-2910.7394133,15.9844365419,14.774409973
Rh_Cat61,-2167.61581693,-2167.61670491,-2167.58920371,16.7000483756,17.2572642612
Rh_Cat620,-2849.73778767,-2849.73559631,-2849.71304598,15.5256455212,14.150546303
Rh_Cat621,-4290.85103249,-4290.85657847,-4290.82630482,15.516847838,18.9970029751
Rh_Cat622,-2610.11047147,-2610.11641754,-2610.08495051,16.0146448491,19.7458602617
Rh_Cat623,-2610.09418455,-2610.09627902,-2610.07246475,13.6293808381,14.9436806606
Rh_Cat624,-2610.11168269,-2610.11698973,-2610.08609068,16.0592293993,19.3894474161
Rh_Cat625,-3368.52349768,-3368.53097583,-3368.49943747,15.0980103471,19.7906205144
Rh_Cat626,-2753.75873957,-2753.76138978,-2753.73348197,15.8493839474,17.5124158993
Rh_Cat627,-2910.89703274,-2910.90135981,-2910.86611482,19.4012885204,22.1165660525
Rh_Cat628,-3150.52270924,-3150.52740554,-3150.49184214,19.3693984876,22.3163713524
Rh_Cat629,-2910.90454587,-2910.91292076,-2910.88398081,12.9047705181,18.1600935544
Rh_Cat62,-1853.34290572,-1853.34333723,-1853.31934261,14.7860753747,15.056851999
Rh_Cat630,-4591.63830278,-4591.64119722,-4591.60744151,19.3657401071,21.1820287043
Rh_Cat631,-2610.09871025,-2610.09648967,-2610.07132105,17.1869831974,15.7935481521
Rh_Cat632,-2767.23991027,-2767.25312273,-2767.21358885,16.5169411034,24.8078852718
Rh_Cat633,-2000.86026497,-2000.86702783,-2000.83289835,17.1728140328,21.4165729301
Rh_Cat634,-2315.12015349,-2315.12469415,-2315.09678862,14.6616778913,17.5109851774
Rh_Cat635,-2910.75476313,-2910.75673699,-2910.73334877,13.4377143365,14.6763302381
Rh_Cat636,-2910.90284736,-2910.90741368,-2910.87959085,14.5936809619,17.4590901418
Rh_Cat637,-2767.25057464,-2767.25344559,-2767.22319752,17.1794028826,18.9809512815
Rh_Cat638,-3006.87208846,-3006.87757002,-3006.84557045,16.6403031961,20.0800341707
Rh_Cat639,-1765.17912758,-1765.17886874,-1765.15143267,17.3788191267,17.2163945677
Rh_Cat63,-1839.85550377,-1839.86116147,-1839.83120429,15.2481545451,18.7984150433
Rh_Cat640,-1922.29539012,-1922.29796054,-1922.27040475,15.6785570361,17.2915200051
Rh_Cat641,-2393.68649619,-2393.68800894,-2393.65972906,16.7966283629,17.7458933591
Rh_Cat642,-2079.41301846,-2079.40170256,-2079.39002038,14.4315136817,7.33067893084
Rh_Cat643,-2065.92599023,-2065.92998157,-2065.90439668,13.5501577637,16.0547615315
Rh_Cat644,-2537.3316624,-2537.34477502,-2537.30774203,15.0102594184,23.2385530382
Rh_Cat645,-2380.22060502,-2380.22702859,-2380.19732006,14.6115336072,18.642384806
Rh_Cat646,-2546.01690422,-2546.01961995,-2545.99305542,14.9653485636,16.6694949381
Rh_Cat647,-2531.53363684,-2531.54537625,-2531.51220379,13.4494424889,20.8160337884
Rh_Cat648,-2989.33214701,-2989.34531051,-2989.31033078,13.6898915791,21.9501128825
Rh_Cat649,-2928.31031668,-2928.31168844,-2928.28720714,14.5014558906,15.3622483223
Rh_Cat64,-2311.26478971,-2311.27496982,-2311.24091142,14.9838538188,21.3719695548
Rh_Cat650,-4369.41826025,-4369.4299778,-4369.39695319,13.3703825667,20.7232565089
Rh_Cat651,-2688.67782872,-2688.68988195,-2688.65608597,13.6437821812,21.207298512
Rh_Cat652,-2688.65619799,-2688.6573084,-2688.63198875,15.1915280877,15.8883209118
Rh_Cat653,-2688.68423336,-2688.68524788,-2688.660859,14.6676329562,15.3042538944
Rh_Cat654,-3447.0880795,-3447.1020016,-3447.06805903,12.5630351194,21.2992851296
Rh_Cat655,-2832.32941819,-2832.33513995,-2832.30529592,15.1369535866,18.7274123435
Rh_Cat656,-2989.45988211,-2989.4746972,-2989.43635914,14.760887143,24.0574968614
Rh_Cat657,-3229.08482113,-3229.10067875,-3229.06140515,14.6937499017,24.6445570991
Rh_Cat658,-2989.47174117,-2989.47708396,-2989.44931851,14.0704321652,17.4230836468
Rh_Cat659,-4670.20045409,-4670.21534676,-4670.17727516,14.5449987746,23.8902906802
Rh_Cat65,-2154.15331554,-2154.16015362,-2154.13158223,13.6378584917,17.9288186534
Rh_Cat660,-2688.67048094,-2688.67329273,-2688.64254,17.5332052889,19.297630226
Rh_Cat662,-2079.42593508,-2079.42922402,-2079.40106145,15.6084391245,17.6722802197
Rh_Cat663,-2393.68975701,-2393.68963594,-2393.66259842,17.0422732316,16.9663006563
Rh_Cat664,-2989.32711862,-2989.3267308,-2989.30358276,14.7689757406,14.5256150063
Rh_Cat665,-2989.46499059,-2989.47970994,-2989.44121738,14.9179151205,24.1544470791
Rh_Cat666,-2845.81796666,-2845.82363123,-2845.79535083,14.1916481752,17.7462196637
Rh_Cat667,-3085.44135685,-3085.44577398,-3085.41365804,17.3812664137,20.1530574515
Rh_Cat668,-1381.98359319,-1381.98445226,-1381.9567199,16.8632447712,17.4023193573
Rh_Cat669,-1539.10261577,-1539.10459422,-1539.0768928,16.1414080433,17.3829042135
Rh_Cat66,-2319.95410663,-2319.95197272,-2319.93000412,15.1245539988,13.7855052017
Rh_Cat670,-2010.48788318,-2010.49025337,-2010.46156179,16.5169222782,18.00423902
Rh_Cat671,-1696.21502821,-1696.21537984,-1696.19104111,15.0521331274,15.2727842929
Rh_Cat672,-1682.73202976,-1682.73686729,-1682.70811933,15.004021974,18.0396180056
Rh_Cat673,-2154.13972703,-2154.14844558,-2154.11648488,14.5846699254,20.0556428767
Rh_Cat674,-1997.02754412,-1997.03317262,-1997.00455274,14.427309368,17.9592465888
Rh_Cat675,-2162.8308509,-2162.83287158,-2162.8056546,15.8109176149,17.0789135113
Rh_Cat676,-2148.34773269,-2148.3479234,-2148.32350003,15.2062243603,15.325896697
Rh_Cat677,-2606.14520144,-2606.14504546,-2606.12064701,15.4081380921,15.3102591602
Rh_Cat678,-2545.11889712,-2545.11539,-2545.09496058,15.020406247,12.8196551294
Rh_Cat679,-3986.23159249,-3986.22797808,-3986.20790013,14.8671809774,12.5991043656
Rh_Cat67,-2305.47575851,-2305.47640323,-2305.45179179,15.039344484,15.4439124088
Rh_Cat680,-2305.49121585,-2305.49097404,-2305.46675939,15.3466609865,15.1949229142
Rh_Cat681,-2305.45096013,-2305.46843323,-2305.44171757,5.79979420437,16.7643304487
Rh_Cat682,-2305.49148497,-2305.49201757,-2305.46721267,15.2310988366,15.5653103964
Rh_Cat683,-3063.89635562,-3063.90191688,-3063.87388585,14.0999941378,17.5897376198
Rh_Cat684,-2449.13867109,-2449.15061968,-2449.11893164,12.3866923998,19.8845461364
Rh_Cat685,-2606.27662258,-2606.28588273,-2606.25569476,13.1324058643,18.9432379607
Rh_Cat686,-2845.90166306,-2845.9104362,-2845.88101922,12.9542057165,18.4594344113
Rh_Cat687,-2606.27409553,-2606.28208625,-2606.25133267,14.2839108972,19.2981636089
Rh_Cat688,-4287.01751882,-4287.026086,-4286.99662555,13.1107254109,18.486712249
Rh_Cat689,-2305.47801885,-2305.47582702,-2305.45169761,16.5168281518,15.1414340045
Rh_Cat68,-2763.27352892,-2763.27389161,-2763.2489901,15.3983426688,15.6259340895
Rh_Cat690,-2462.6259701,-2462.62548726,-2462.59931072,16.7290142139,16.4260275272
Rh_Cat691,-1696.23237398,-1696.23467528,-1696.20614003,16.4620528475,17.9061404599
Rh_Cat692,-2010.49141759,-2010.49399799,-2010.46517247,16.4690621287,18.0882876425
Rh_Cat693,-2606.13281411,-2606.13248877,-2606.10730339,16.0082191516,15.8040652108
Rh_Cat694,-2606.28073838,-2606.28386459,-2606.25683568,14.9991713255,16.9608977996
Rh_Cat695,-2462.62287057,-2462.62053092,-2462.59623949,16.7112556954,15.2431030937
Rh_Cat696,-2702.25331325,-2702.25678088,-2702.22713317,16.4282489107,18.6042196783
Rh_Cat697,-1539.11195039,-1539.11448232,-1539.08517221,16.8035623426,18.392372471
Rh_Cat698,-1696.23370603,-1696.22776756,-1696.20536291,17.7855770595,14.0591307192
Rh_Cat699,-2167.61636295,-2167.62134008,-2167.59231773,15.0886039796,18.2118003374
Rh_Cat69,-2702.24701066,-2702.24364501,-2702.223068,15.0242466053,12.9122692567
Rh_Cat6,-1997.01404009,-1997.01685349,-1996.9890874,15.6580500255,17.4234852528
Rh_Cat700,-1853.34684767,-1853.35298444,-1853.32400903,14.331463567,18.1823450414
Rh_Cat701,-1839.85992574,-1839.8606659,-1839.83729626,14.2002136802,14.6646711116
Rh_Cat702,-2311.26293117,-2311.26027148,-2311.23808731,15.5897581665,13.9207774246
Rh_Cat703,-2154.15886047,-2154.16253107,-2154.13736616,13.4878837209,15.7912200917
Rh_Cat704,-2319.95486077,-2319.95910633,-2319.93007701,15.5520448457,18.2161740786
Rh_Cat705,-2305.47199287,-2305.47672404,-2305.44939941,14.177610788,17.1464649092
Rh_Cat706,-2763.27360394,-2763.27530491,-2763.25114313,14.0943716528,15.161746487
Rh_Cat707,-2702.24773155,-2702.24878034,-2702.22541621,14.0030878459,14.6612135343
Rh_Cat708,-4143.3609706,-4143.36187019,-4143.33889982,13.8496241224,14.4141253939
Rh_Cat709,-2462.61898782,-2462.61684779,-2462.5902102,18.0582299373,16.7153407821
Rh_Cat70,-4143.35970168,-4143.35644295,-4143.33612762,14.7929466036,12.7480625706
Rh_Cat710,-2462.60286658,-2462.60110552,-2462.57683295,16.3363501444,15.2312682644
Rh_Cat711,-2462.61605598,-2462.6157917,-2462.59370218,14.0272218611,13.8613836504
Rh_Cat712,-3221.02676605,-3221.03525007,-3221.00291484,14.9668608615,20.2906640098
Rh_Cat713,-2606.25669348,-2606.26015929,-2606.23078334,16.2588589964,18.4336876965
Rh_Cat714,-2763.40033662,-2763.40569292,-2763.37547627,15.6001057983,18.9612349332
Rh_Cat715,-3003.03097413,-3003.03546336,-3003.00837476,14.1813193688,16.9983538416
Rh_Cat716,-2763.40858401,-2763.41801653,-2763.38639454,13.9241032251,19.843099134
Rh_Cat717,-4444.14353578,-4444.15295495,-4444.12020486,14.6403739439,20.550992601
Rh_Cat718,-2462.62105716,-2462.62166299,-2462.59480783,16.4717039437,16.8518680241
Rh_Cat719,-2619.75286234,-2619.75973303,-2619.7250379,17.460100432,21.7715236786
Rh_Cat71,-2462.61959458,-2462.61985421,-2462.59528243,15.2561050903,15.4190253818
Rh_Cat720,-1853.36317552,-1853.35743969,-1853.33528975,17.4985855898,13.8992977745
Rh_Cat721,-2167.62032264,-2167.62533715,-2167.59588013,15.3379072288,18.4845598919
Rh_Cat722,-2763.25913909,-2763.26102297,-2763.23984747,12.1056748206,13.2878274173
Rh_Cat723,-2763.40932083,-2763.41536328,-2763.38676863,14.1517197459,17.9434145241
Rh_Cat724,-2619.76510848,-2619.76025607,-2619.73403178,19.5009244787,16.4559911059
Rh_Cat725,-2859.38742353,-2859.38777361,-2859.36329857,15.138641587,15.3583201127
Rh_Cat726,-1836.93314256,-1836.93900251,-1836.90823915,15.6271263574,19.3043006518
Rh_Cat727,-1994.05313741,-1994.05971743,-1994.03002418,14.5037714007,18.6327964609
Rh_Cat728,-2465.4370672,-2465.44789728,-2465.41445407,14.1899538998,20.9859319854
Rh_Cat729,-2151.1662533,-2151.17477447,-2151.14320904,14.4604920705,19.8076071967
Rh_Cat72,-2462.57900203,-2462.59657354,-2462.56985375,5.74063260857,16.7669220629
Rh_Cat730,-2137.6799039,-2137.68814795,-2137.6599087,12.5471779546,17.7203976478
Rh_Cat731,-2609.08040738,-2609.08949005,-2609.0606286,12.4113723483,18.1108340588
Rh_Cat732,-2451.96850692,-2451.97928598,-2451.94571997,14.299027601,21.0629901521
Rh_Cat733,-2617.78470354,-2617.7931062,-2617.76120831,14.7434800298,20.0162290049
Rh_Cat734,-2603.2935472,-2603.29712326,-2603.27403612,12.2433880553,14.4873996778
Rh_Cat735,-3061.09131776,-3061.09471828,-3061.07158424,12.3829712685,14.5168298734
Rh_Cat736,-3000.0666505,-3000.07053091,-3000.04723584,12.1828835891,14.617877728
Rh_Cat737,-4441.17932764,-4441.18338852,-4441.16005326,12.0948565571,14.6430973354
Rh_Cat738,-2760.43675264,-2760.44028076,-2760.41708176,12.3436640733,14.5575928903
Rh_Cat739,-2760.405907,-2760.41883429,-2760.38976299,10.1305196431,18.2425169276
Rh_Cat73,-2462.61987584,-2462.61743741,-2462.59580802,15.1027856944,13.5726477044
Rh_Cat740,-2760.43478346,-2760.44021187,-2760.41470519,12.5993051685,16.0056840135
Rh_Cat741,-3518.8192208,-3518.83510125,-3518.81293569,3.94396623363,13.909099473
Rh_Cat742,-2904.08038482,-2904.08855135,-2904.05974132,12.9539923633,18.0785675205
Rh_Cat743,-3061.20370389,-3061.20717303,-3061.18174563,13.7790167533,15.9559350602
Rh_Cat744,-3300.85158016,-3300.85324519,-3300.81894327,20.4799585255,21.5247806682
Rh_Cat745,-3061.23052546,-3061.2318702,-3061.20755873,14.4118412589,15.2556783838
Rh_Cat746,-4741.96951959,-4741.97160389,-4741.94893632,12.9161974663,14.2241155167
Rh_Cat747,-2760.43068873,-2760.44737683,-2760.40911354,13.5386366893,24.0105779763
Rh_Cat748,-2917.5654642,-2917.58316722,-2917.54238828,14.4803590212,25.58917225
Rh_Cat749,-2151.18320699,-2151.19064007,-2151.15997242,14.5799134035,19.2442417176
Rh_Cat74,-3221.02668382,-3221.03644284,-3221.00367924,14.4355924935,20.559470254
Rh_Cat750,-2465.4476269,-2465.44986829,-2465.42066857,16.9166081792,18.3231016972
Rh_Cat751,-3061.06779323,-3061.07864897,-3061.04993719,11.2048347324,18.0169147118
Rh_Cat752,-3061.22207829,-3061.23221301,-3061.20184686,12.6954145236,19.0550476035
Rh_Cat753,-2917.57736428,-2917.58749893,-2917.554995,14.0369357082,20.3965248624
Rh_Cat754,-3157.20197944,-3157.21836426,-3157.1806725,13.3703072657,23.6519374715
Rh_Cat755,-1836.99766705,-1837.00238708,-1836.97271238,15.6592924943,18.6211561596
Rh_Cat756,-1994.12287715,-1994.12965958,-1994.09813104,15.5284191131,19.7844583711
Rh_Cat757,-2465.50330316,-2465.50420587,-2465.47644309,16.8549490957,17.4214081965
Rh_Cat758,-2151.23454197,-2151.23698738,-2151.21134482,14.5564319981,16.0909500044
Rh_Cat759,-2137.75711186,-2137.76436727,-2137.73677997,12.7584541279,17.3112928294
Rh_Cat75,-2606.26417322,-2606.27446854,-2606.24397675,12.6734767914,19.1338878969
Rh_Cat760,-2609.1720465,-2609.17762827,-2609.15055489,13.4861894452,16.988803147
Rh_Cat761,-2452.06231628,-2452.0617581,-2452.04177275,12.8912602385,12.540996986
Rh_Cat762,-2617.85011032,-2617.85153487,-2617.82858006,13.5104426874,14.4043613455
Rh_Cat763,-2603.3525913,-2603.35746765,-2603.3290589,14.7668045578,17.8267605084
Rh_Cat764,-3061.15110902,-3061.1579192,-3061.12824044,14.3502512017,18.6237038482
Rh_Cat765,-3000.13140127,-3000.13691499,-3000.1060984,15.8777913022,19.3377029827
Rh_Cat766,-4441.23429421,-4441.23964357,-4441.21193039,14.0335095066,17.3902837254
Rh_Cat767,-2760.50220432,-2760.49981836,-2760.48021611,13.797810663,12.3005980963
Rh_Cat768,-2760.49154347,-2760.49974646,-2760.47134871,12.6724037504,17.8198579038
Rh_Cat769,-2760.50245223,-2760.50725034,-2760.47699578,15.9741642113,18.9850238185
Rh_Cat76,-2763.40468799,-2763.41480532,-2763.38413056,12.8999826208,19.2487033104
Rh_Cat770,-3518.90750129,-3518.91592086,-3518.88299828,15.3758715536,20.6592317146
Rh_Cat771,-2904.1609232,-2904.16350877,-2904.13897181,13.7747057633,15.3971755012
Rh_Cat772,-3061.29404956,-3061.30502147,-3061.27370885,12.7639887619,19.6489665201
Rh_Cat773,-3300.92604483,-3300.92323204,-3300.90056455,15.9891177627,14.2240653162
Rh_Cat774,-3061.30991036,-3061.31568048,-3061.28664575,14.5987637887,18.219568905
Rh_Cat775,-4742.03581201,-4742.03865635,-4742.01493446,13.1008609615,14.8857113325
Rh_Cat776,-2760.50247659,-2760.50274221,-2760.46433574,23.9337457129,24.1004247866
Rh_Cat777,-2917.64100305,-2917.64256379,-2917.59899834,26.3583545698,27.3377337469
Rh_Cat778,-2151.24948497,-2151.24971202,-2151.22466085,15.5773711293,15.7198471612
Rh_Cat779,-2465.50994269,-2465.51107308,-2465.48500161,15.6507646404,16.3600951041
Rh_Cat77,-3003.02982255,-3003.03846507,-3003.00910951,12.9976293738,18.4208927776
Rh_Cat780,-3061.14048273,-3061.14982602,-3061.12050688,12.5350356455,18.3980388819
Rh_Cat781,-3061.29733628,-3061.29643686,-3061.27506705,13.9741533826,13.4097587883
Rh_Cat782,-2917.63889387,-2917.63748459,-2917.61560517,14.6138804928,13.7295439045
Rh_Cat783,-3157.26403712,-3157.26775544,-3157.24074368,14.6168548877,16.9501360119
Rh_Cat784,-1765.18194233,-1765.18277677,-1765.15413074,17.4520369351,17.9756559622
Rh_Cat785,-1922.30694704,-1922.30859507,-1922.28016495,16.8060159049,17.8401703861
Rh_Cat786,-2393.6935583,-2393.69097095,-2393.66700557,16.6620903258,15.0385036211
Rh_Cat787,-2079.40514084,-2079.40419816,-2079.3772122,17.5254869221,16.9339462665
Rh_Cat788,-2065.92551371,-2065.93010309,-2065.9038544,13.5914227884,16.4713023376
Rh_Cat789,-2537.32186888,-2537.33397476,-2537.29764788,15.1989075993,22.7954623052
Rh_Cat78,-2763.40063914,-2763.40849619,-2763.37862279,13.8154687802,18.7458422972
Rh_Cat790,-2380.22389299,-2380.22609991,-2380.20207067,13.693713112,15.0785763777
Rh_Cat791,-2546.01569998,-2546.01736944,-2545.99158588,15.131826834,16.1794288438
Rh_Cat792,-2531.54053232,-2531.54486639,-2531.51495348,16.050965099,18.7706351979
Rh_Cat793,-2989.33742093,-2989.34847505,-2989.31180428,16.0746912331,23.0112565473
Rh_Cat794,-2928.31271865,-2928.32095725,-2928.2853517,17.1730211112,22.3428208778
Rh_Cat795,-4369.42338721,-4369.43193955,-4369.40105438,14.0140629874,19.3807375842
Rh_Cat796,-2688.68148816,-2688.68897906,-2688.65911229,14.0410709957,18.7416819093
Rh_Cat797,-2688.67529515,-2688.67145529,-2688.65040208,15.6206379091,13.2110892805
Rh_Cat798,-2688.68376101,-2688.689723,-2688.66079509,14.4113329762,18.15253834
Rh_Cat799,-3447.09395702,-3447.09676265,-3447.06661036,17.1602889431,18.9208484217
Rh_Cat79,-4444.1457457,-4444.15428373,-4444.12503356,12.9970646153,18.3547595519
Rh_Cat7,-1839.90826957,-1839.90852703,-1839.88455809,14.879178959,15.0407375549
Rh_Cat800,-2832.33688696,-2832.33467594,-2832.3146398,13.960304248,12.5728681935
Rh_Cat801,-2989.4785026,-2989.47691733,-2989.43729614,25.8574451114,24.8626731264
Rh_Cat802,-3229.10279499,-3229.10183261,-3229.06202217,25.5853318917,24.9814292992
Rh_Cat803,-2989.48448226,-2989.4877129,-2989.45903197,15.9702987526,17.9975560439
Rh_Cat804,-4670.22179603,-4670.21608314,-4670.19698736,15.5676761076,11.9827833597
Rh_Cat806,-2845.81789692,-2845.82955104,-2845.79036919,17.2739120883,24.5869831024
Rh_Cat807,-2079.43753805,-2079.43463723,-2079.41095385,16.6818380498,14.8615459421
Rh_Cat808,-2393.69713832,-2393.70170655,-2393.67093327,16.4439178227,19.310525546
Rh_Cat809,-2989.33712059,-2989.33616659,-2989.30994125,17.0552940536,16.4566499908
Rh_Cat80,-2462.60723023,-2462.60741418,-2462.58113493,16.3750486552,16.4904790277
Rh_Cat810,-2989.47186304,-2989.48356146,-2989.44636625,15.9994779442,23.3403476295
Rh_Cat811,-2845.65208118,-2845.66352707,-2845.63761661,9.07665508854,16.2590597994
Rh_Cat813,-1884.99550036,-1884.9955368,-1884.96810822,17.1888280754,17.2116945216
Rh_Cat814,-2042.11623698,-2042.12249954,-2042.08864586,17.3136899156,21.24350581
Rh_Cat815,-2513.49803934,-2513.50684566,-2513.47434952,14.8655871033,20.3916365634
Rh_Cat816,-2199.22124235,-2199.21995924,-2199.19966484,13.5400925114,12.7349287969
Rh_Cat817,-2185.7404786,-2185.74414688,-2185.71889872,13.5415797089,15.8434602573
Rh_Cat818,-2657.15085266,-2657.16365798,-2657.12949595,13.4015384137,21.4369983643
Rh_Cat819,-2500.03638094,-2500.04455375,-2500.0131715,14.5641440896,19.6926600062
Rh_Cat81,-2619.75410505,-2619.74349098,-2619.72752024,16.6822208306,10.0217910719
Rh_Cat820,-2665.83443743,-2665.83321219,-2665.81252728,13.7488272715,12.9799775316
Rh_Cat821,-2651.35118768,-2651.35342668,-2651.32805109,14.5184300226,15.9234237933
Rh_Cat822,-3109.15251541,-3109.16026203,-3109.12916595,14.65200797,19.5130856129
Rh_Cat823,-3048.12272639,-3048.12043231,-3048.09789216,15.5837152503,14.1441582565
Rh_Cat824,-4489.23585994,-4489.24131371,-4489.21100023,15.5997041927,19.0219966784
Rh_Cat825,-2808.49611344,-2808.5021788,-2808.47041882,16.123618149,19.9296891698
Rh_Cat826,-2808.4774615,-2808.47531198,-2808.45479708,14.2221388621,12.8732946415
Rh_Cat827,-2808.49673935,-2808.49688672,-2808.47090607,16.2106286161,16.3031046911
Rh_Cat828,-3566.90811225,-3566.91537498,-3566.88663009,13.4802594807,18.0376915514
Rh_Cat829,-2952.14368284,-2952.15150107,-2952.11905009,15.4572846361,20.3632982342
Rh_Cat82,-1853.35984073,-1853.35939127,-1853.33396783,16.2354905427,15.9534501228
Rh_Cat830,-3109.28372173,-3109.28367156,-3109.26055037,14.5402485277,14.5087663763
Rh_Cat831,-3348.90789158,-3348.91274568,-3348.88510477,14.2989397497,17.3449336138
Rh_Cat832,-3109.29038924,-3109.29856405,-3109.26975085,12.9507857897,18.0805567254
Rh_Cat833,-4790.02391741,-4790.02778472,-4789.99994467,15.0431220907,17.4698958556
Rh_Cat834,-2808.48721801,-2808.49116228,-2808.46449163,14.2610193507,16.7360862463
Rh_Cat835,-2965.62521534,-2965.63824359,-2965.5989181,16.5017679238,24.6771185672
Rh_Cat836,-2199.24541911,-2199.24973347,-2199.21452825,19.3843081132,22.0916099996
Rh_Cat837,-2513.50538234,-2513.51063931,-2513.48242502,14.4059363945,17.7047350108
Rh_Cat838,-3109.14092357,-3109.14252872,-3109.11955629,13.4081711889,14.4154180629
Rh_Cat839,-3109.28899008,-3109.28906239,-3109.26590901,14.4835906952,14.5289659069
Rh_Cat83,-2167.61980556,-2167.62200999,-2167.59299884,16.8214714638,18.2047722311
Rh_Cat840,-2965.62935369,-2965.6380534,-2965.60648495,14.350351603,19.8095022754
Rh_Cat841,-3205.25271951,-3205.25504665,-3205.22552672,17.0637340567,18.5240365145
Rh_Cat84,-2763.26147962,-2763.26504698,-2763.23636407,15.7602462227,17.9987985127
Rh_Cat85,-2763.40896442,-2763.4121278,-2763.38541,14.780622317,16.765673319
Rh_Cat86,-2619.7518925,-2619.74989592,-2619.72539962,16.6245338822,15.3716609649
Rh_Cat87,-2859.37366563,-2859.3834098,-2859.34728231,16.5557839413,22.6703431862
Rh_Cat88,-1381.98212337,-1381.98519343,-1381.95447154,17.3517860174,19.278277833
Rh_Cat89,-1539.09673636,-1539.10363376,-1539.07334735,14.6768259706,19.005009996
Rh_Cat8,-2005.70658781,-2005.70569173,-2005.67950465,16.9949401901,16.4326414773
Rh_Cat90,-2010.48389636,-2010.49046814,-2010.45966461,15.2056533267,19.3295077087
Rh_Cat91,-1696.19755658,-1696.20677953,-1696.17410087,14.7186808542,20.5061695972
Rh_Cat92,-1682.7285314,-1682.73266292,-1682.70450951,15.073964183,17.6665322324
Rh_Cat93,-2154.14225211,-2154.14251423,-2154.11717371,15.7369342448,15.901417035
Rh_Cat94,-1997.02171932,-1997.0282975,-1996.99873028,14.4258409959,18.5537114386
Rh_Cat95,-2162.80886178,-2162.81563189,-2162.78562298,14.5825677686,18.8308761097
Rh_Cat96,-2148.33868764,-2148.34350657,-2148.31828094,12.8053981136,15.8293224685
Rh_Cat97,-2606.13633637,-2606.141655,-2606.11185896,15.3598073105,18.6972981623
Rh_Cat98,-2545.11028791,-2545.11496623,-2545.08626904,15.0720691042,18.0077593483
Rh_Cat99,-3986.2232997,-3986.2263066,-3986.1994108,14.9905116947,16.8773700102
Rh_Cat9,-1991.21980875,-1991.22192432,-1991.19611726,14.8666350442,16.1941753171
