,name,en_react,en_prod,en_ts,f_barr,b_barr
0,Rh_Cat100,-2305.48227885,-2305.48713485,-2305.45775757,15.3873361522,18.4345222842
1,Rh_Cat101,-2305.45699499,-2305.4656324000002,-2305.43901111,11.2850555468,16.705112377
2,Rh_Cat102,-2305.47996287,-2305.4878488000004,-2305.46176752,11.4177549806,16.366250972
3,Rh_Cat103,-3063.88572285,-3063.88746857,-3063.86777389,11.2631429151,12.358598799300001
4,Rh_Cat104,-2449.13550475,-2449.13811249,-2449.11184276,14.848123514000001,16.4845051374
5,Rh_Cat105,-2606.27121032,-2606.27717048,-2606.24923159,13.7918618731,17.5319188947
6,Rh_Cat106,-2845.89670917,-2845.9024246,-2845.87507708,13.5743419798,17.1608286012
7,Rh_Cat107,-2606.27248742,-2606.27895183,-2606.24456491,17.5216402887,21.5781189758
8,Rh_Cat108,-4287.011769600001,-4287.0178578000005,-4286.99036443,13.431947523800002,17.2523508616
9,Rh_Cat109,-2305.48014017,-2305.48316301,-2305.45075514,18.4393854828,20.3362462998
10,Rh_Cat10,-2449.01729,-2449.01791223,-2448.99117333,16.388458533199998,16.7789137696
11,Rh_Cat110,-2462.5993290999995,-2462.61466243,-2462.57410365,15.8292095168,25.4510197585
12,Rh_Cat111,-1696.22709849,-1696.23438114,-1696.20331746,14.9228222446,19.492754305
13,Rh_Cat113,-2606.11938914,-2606.12382114,-2606.09804771,13.3919500684,16.1730721725
14,Rh_Cat114,-2606.27318202,-2606.28419625,-2606.25178983,13.423802450999998,20.3353364112
15,Rh_Cat115,-2462.6200381,-2462.62470248,-2462.59774179,13.9911463399,16.9180891016
16,Rh_Cat116,-2702.24078463,-2702.25461536,-2702.21440363,16.5543281193,25.2332425864
17,Rh_Cat117,-1375.22449205,-1375.22754771,-1375.19848777,16.317932740699998,18.2353884194
18,Rh_Cat118,-1532.34485794,-1532.34605104,-1532.31928962,16.0443636991,16.7930452835
19,Rh_Cat119,-2003.72986331,-2003.73038228,-2003.70329256,16.6733980471,16.9990566524
20,Rh_Cat11,-2387.99044911,-2387.99198876,-2387.96635956,15.1164214758,16.0825664773
21,Rh_Cat120,-1689.4654722,-1689.46709211,-1689.43440127,19.4973037488,20.513812663
22,Rh_Cat121,-1675.99554545,-1675.99656674,-1675.97416507,13.4163915636,14.057260740799999
23,Rh_Cat122,-2147.40005047,-2147.40752106,-2147.37703333,14.443474013,19.131340208399997
24,Rh_Cat123,-1990.29698988,-1990.30140984,-1990.27202253,15.6672493148,18.4408162044
25,Rh_Cat124,-2156.07027458,-2156.06954988,-2156.04621115,15.1000309275,14.6452747929
26,Rh_Cat125,-2141.58413481,-2141.58544044,-2141.56019886,15.0200360163,15.839331245
27,Rh_Cat126,-2599.3829191,-2599.38481799,-2599.35846751,15.343605015,16.5351765296
28,Rh_Cat127,-2538.35651622,-2538.35779573,-2538.33271973,14.9325235415,15.735428221900001
29,Rh_Cat128,-3979.46853881,-3979.46964179,-3979.44494961,14.8024470974,15.494577525599999
30,Rh_Cat129,-2298.72783188,-2298.72921169,-2298.70347238,15.2858176651,16.1516615482
31,Rh_Cat12,-3829.10480999,-3829.10698195,-3829.08161092,14.557636816099999,15.9205623497
32,Rh_Cat130,-2298.71231404,-2298.71903213,-2298.68914962,14.5358936119,18.7515589088
33,Rh_Cat131,-2298.72772158,-2298.72844083,-2298.70317082,15.4058351321,15.8571713401
34,Rh_Cat132,-3057.13617703,-3057.13089379,-3057.11250294,14.8557163788,11.540433088
35,Rh_Cat133,-2442.38669368,-2442.38322771,-2442.36355221,14.521492269100001,12.3465631674
36,Rh_Cat134,-2599.5282645999996,-2599.52337032,-2599.50497689,14.6132592584,11.5420520628
37,Rh_Cat135,-2839.15203641,-2839.15811071,-2839.13051625,13.5041048417,17.3157857975
38,Rh_Cat136,-2599.53342929,-2599.54149772,-2599.51168206,13.646593423699999,18.7096098986
39,Rh_Cat137,-4280.26756998,-4280.27301166,-4280.24623034,13.390826826800001,16.8055327224
40,Rh_Cat138,-2298.72558579,-2298.73114558,-2298.70558534,12.5504723791,16.039293422100002
41,Rh_Cat139,-2455.86274493,-2455.86541466,-2455.83832753,15.3221504656,16.997431403
42,Rh_Cat13,-2148.36318495,-2148.36543507,-2148.33932989,14.969276772899999,16.3812484491
43,Rh_Cat140,-1689.47345865,-1689.47520281,-1689.44801738,15.9646386171,17.059115586500003
44,Rh_Cat141,-2003.73815893,-2003.74298245,-2003.71409652,15.0993908679,18.126195491300003
45,Rh_Cat142,-2599.37149906,-2599.37545651,-2599.34645776,15.7136536426,18.1969911131
46,Rh_Cat143,-2599.53033329,-2599.53442697,-2599.50694658,14.675382698499998,17.2442057885
47,Rh_Cat144,-2455.86775917,-2455.87469009,-2455.849091,11.7144540227,16.0636721664
48,Rh_Cat145,-2695.49577893,-2695.50116389,-2695.47591861,12.4625394731,15.8416530302
49,Rh_Cat146,-1610.9268859000001,-1610.9297767,-1610.90040604,16.616363708599998,18.4303681713
50,Rh_Cat147,-1768.04810681,-1768.04865613,-1768.02058498,17.2702097824,17.6149133009
51,Rh_Cat148,-2239.43588412,-2239.43399557,-2239.40392086,20.0572493009,18.8721662348
52,Rh_Cat149,-1925.15928897,-1925.16135244,-1925.13588637,14.6853538247,15.9802008527
53,Rh_Cat14,-2148.35122219,-2148.35235471,-2148.32661029,15.444201063,16.1548681218
54,Rh_Cat150,-1911.69534358,-1911.70267359,-1911.67298001,14.033352629000001,18.633003539
55,Rh_Cat151,-2383.10106351,-2383.11775591,-2383.08134862,12.3712807666,22.8459203444
56,Rh_Cat152,-2225.9989744000004,-2226.0039144,-2225.97587002,14.4982179416,17.5981148717
57,Rh_Cat153,-2391.7716026000003,-2391.77243712,-2391.74711839,15.3640743748,15.887743602899999
58,Rh_Cat154,-2377.28223203,-2377.29671333,-2377.2592562,14.417551595499999,23.5047049177
59,Rh_Cat155,-2835.08429437,-2835.08429518,-2835.05955325,15.525287840499999,15.5257961233
60,Rh_Cat156,-2774.05923861,-2774.06171721,-2774.03570977,14.764570624200001,16.3199156709
61,Rh_Cat157,-4215.16633169,-4215.180865300001,-4215.1436315,14.244584877000001,23.364563220900003
62,Rh_Cat159,-2534.38856409,-2534.38354439,-2534.36733675,13.3203575096,10.1704480727
63,Rh_Cat15,-2148.36356828,-2148.36570919,-2148.33973045,14.9584647844,16.301906148
64,Rh_Cat160,-2534.43003964,-2534.42910813,-2534.40565956,15.2987318107,14.7142004363
65,Rh_Cat161,-3292.83177962,-3292.85001007,-3292.81051557,13.343393383399999,24.7831739476
66,Rh_Cat162,-2678.08944929,-2678.09372067,-2678.06727287,13.915914225999998,16.596245754
67,Rh_Cat163,-2835.23543753,-2835.24194433,-2835.21291947,14.1302965716,18.213375386099997
68,Rh_Cat164,-3074.85754856,-3074.86322065,-3074.83647925,13.2211921833,16.7804825433
69,Rh_Cat165,-2835.24411612,-2835.24853672,-2835.22190576,13.9372118984,16.7111803942
70,Rh_Cat166,-4515.97260459,-4515.98063304,-4515.95193765,12.968701185599999,18.0066298309
71,Rh_Cat167,-2534.42119763,-2534.41950239,-2534.3964349,15.5388483209,14.4750691164
72,Rh_Cat168,-2691.56597317,-2691.5720475000003,-2691.5395074000003,16.6075220998,20.419221881
73,Rh_Cat169,-1925.17446091,-1925.17954906,-1925.14954741,15.633457928299999,18.826320390699998
74,Rh_Cat16,-2906.77319113,-2906.77395664,-2906.74911861,15.105734989,15.586099786300002
75,Rh_Cat170,-2239.43608257,-2239.42979726,-2239.40082138,22.1267317065,18.1826399711
76,Rh_Cat171,-2835.07010022,-2835.07074308,-2835.04789143,13.9362267083,14.3396274655
77,Rh_Cat172,-2835.2378487,-2835.23752619,-2835.2152938,14.153414021600002,13.9510359328
78,Rh_Cat173,-2691.5686903,-2691.57547001,-2691.54098635,17.3844918126,21.638824244899997
79,Rh_Cat174,-2931.19114591,-2931.19072931,-2931.16968334,13.4679665694,13.206546111500002
80,Rh_Cat175,-1532.37467522,-1532.37853564,-1532.34988192,15.5580312864,17.9804815105
81,Rh_Cat176,-1689.49686165,-1689.49528207,-1689.47103363,16.2073279162,15.2161264602
82,Rh_Cat177,-2160.88139623,-2160.88071816,-2160.85517712,16.452740606600003,16.0272452399
83,Rh_Cat178,-1846.60534734,-1846.60702885,-1846.58029356,15.7214849609,16.7766484603
84,Rh_Cat179,-1833.14053372,-1833.14363069,-1833.11935214,13.2916426749,15.235020771199999
85,Rh_Cat17,-2292.0035550000002,-2292.00942094,-2291.97956732,15.0524970827,18.7334301593
86,Rh_Cat180,-2304.55444904,-2304.55335346,-2304.52746452,16.9330426527,16.2455557948
87,Rh_Cat181,-2147.44799353,-2147.45120481,-2147.42368826,15.2517878252,17.2668965324
88,Rh_Cat182,-2313.21539694,-2313.21869392,-2313.18980833,16.057095867,18.1259821383
89,Rh_Cat183,-2298.73457963,-2298.73490755,-2298.71357216,13.182386996199998,13.3881599114
90,Rh_Cat184,-2756.5327521,-2756.53599874,-2756.51150639,13.3318848593,15.3691823026
91,Rh_Cat185,-2695.50718977,-2695.50753101,-2695.48620672,13.1670632139,13.381194555699999
92,Rh_Cat186,-4136.6195739,-4136.62034274,-4136.59906635,12.8686824472,13.3511368506
93,Rh_Cat187,-2455.87823462,-2455.88100862,-2455.85698299,13.335599715699999,15.076311068699999
94,Rh_Cat188,-2455.86735425,-2455.87153022,-2455.84377453,14.7964983075,17.416959154100002
95,Rh_Cat189,-2455.88011522,-2455.87653791,-2455.85529667,15.5738759012,13.329079891800001
96,Rh_Cat18,-2449.15184028,-2449.15415549,-2449.12847499,14.6619414453,16.1147577147
97,Rh_Cat190,-3214.2798758999998,-3214.2715006,-3214.257273,14.1835344776,8.927954162
98,Rh_Cat191,-2599.53618767,-2599.54379285,-2599.51211585,15.1052957322,19.8776184315
99,Rh_Cat192,-2756.68501082,-2756.68661418,-2756.66137886,14.829279403800001,15.835403035699999
100,Rh_Cat193,-2996.31023832,-2996.3116208,-2996.28714885,14.4888617749,15.356381108599999
101,Rh_Cat194,-2756.68423738,-2756.69145528,-2756.66243361,13.6820728109,18.2113736309
102,Rh_Cat195,-4437.42639753,-4437.42756406,-4437.40325113,14.5245858907,15.2565945477
103,Rh_Cat196,-2455.87353902,-2455.87618347,-2455.84174122,19.953421579,21.6128390762
104,Rh_Cat197,-2613.00712832,-2613.01759411,-2612.98268579,15.3379197792,21.905302429299997
105,Rh_Cat198,-1846.62564034,-1846.62546674,-1846.59958505,16.3499420002,16.241006351099998
106,Rh_Cat199,-2160.88346088,-2160.88285769,-2160.85764849,16.1975199426,15.8190124874
107,Rh_Cat19,-2688.77656404,-2688.77908209,-2688.75359834,14.4111949241,15.9912952207
108,Rh_Cat1,-1224.85831474,-1224.85882719,-1224.82994744,17.8007502393,18.1223174826
109,Rh_Cat200,-2756.52477728,-2756.5175759,-2756.50171674,14.470707925,9.951773561869999
110,Rh_Cat201,-2756.68766734,-2756.68967266,-2756.66603926,13.5718256668,14.8301830171
111,Rh_Cat202,-2613.01217803,-2613.01348924,-2612.98593508,16.4677004329,17.2904971645
112,Rh_Cat203,-2852.63755142,-2852.6381383000003,-2852.61144864,16.3797424263,16.7480152015
113,Rh_Cat204,-1615.28810381,-1615.28825708,-1615.25913181,18.1802052339,18.276383615
114,Rh_Cat205,-1772.40160117,-1772.40900395,-1772.37812953,14.728677080599999,19.373991856900002
115,Rh_Cat206,-2243.7922676,-2243.79671073,-2243.76566533,16.6931771464,19.4812834313
116,Rh_Cat207,-1929.50498508,-1929.51080631,-1929.48250587,14.1059178275,17.7587949541
117,Rh_Cat208,-1916.03570176,-1916.04060712,-1916.01490316,13.051319086700001,16.1294790877
118,Rh_Cat209,-2387.43746603,-2387.43960043,-2387.41765355,12.432519418499998,13.7718756954
119,Rh_Cat20,-2449.15297033,-2449.15894213,-2449.12383359,18.283581149,22.0309423813
120,Rh_Cat210,-2230.32861438,-2230.33373252,-2230.30587089,14.2717560383,17.483437510599998
121,Rh_Cat211,-2396.116283,-2396.1234265000003,-2396.0943718000003,13.749486156400001,18.2321002696
122,Rh_Cat212,-2381.64901079,-2381.64647054,-2381.62261685,16.5624480922,14.9684170848
123,Rh_Cat213,-2839.44700208,-2839.44529732,-2839.42017039,16.8371403761,15.7673872809
124,Rh_Cat214,-2778.42043402,-2778.41787578,-2778.39410849,16.5195201676,14.9142002644
125,Rh_Cat215,-4219.53404782,-4219.53122783,-4219.50773817,16.509555316300002,14.7399848015
126,Rh_Cat216,-2538.79295192,-2538.79092749,-2538.76618972,16.793534741,15.5231856837
127,Rh_Cat218,-2538.79334121,-2538.79089964,-2538.76667389,16.7339966395,15.2018882696
128,Rh_Cat21,-4129.88706151,-4129.88070179,-4129.86383499,14.574861952100001,10.5840772344
129,Rh_Cat223,-2839.584218,-2839.58410219,-2839.56009078,15.1400597586,15.067387883499999
130,Rh_Cat225,-2538.77615997,-2538.79086561,-2538.7513836999997,15.547344799600001,24.775273603000002
131,Rh_Cat226,-2695.90760205,-2695.92003436,-2695.88450756,14.4920118726,22.2934045045
132,Rh_Cat227,-1929.53233023,-1929.54061183,-1929.5087592999998,14.790982498800002,19.987765174
133,Rh_Cat228,-2243.79529991,-2243.79679253,-2243.76822706,16.988470567100002,17.925103797000002
134,Rh_Cat229,-2839.42744679,-2839.42153003,-2839.40614935,13.364345925799999,9.65152281669
135,Rh_Cat22,-2148.35802275,-2148.3621066,-2148.3307925,17.0872405625,19.649895234000002
136,Rh_Cat230,-2839.580036,-2839.59096596,-2839.55672921,14.625232139400001,21.483885874299997
137,Rh_Cat231,-2695.92119809,-2695.92773405,-2695.89492673,16.4855279779,20.5869049694
138,Rh_Cat232,-2935.55037479,-2935.55504021,-2935.52514474,15.8320960605,18.7596914318
139,Rh_Cat233,-1608.04054649,-1608.04260418,-1608.01404024,16.6329236844,17.9241437074
140,Rh_Cat234,-1765.16130384,-1765.16389572,-1765.13543814,16.2309724743,17.8574017971
141,Rh_Cat235,-2236.5473354,-2236.55192227,-2236.52207522,15.851002921900001,18.7293074221
142,Rh_Cat236,-1922.27560141,-1922.28077164,-1922.25135548,15.2145514113,18.4589198535
143,Rh_Cat237,-1908.78747782,-1908.79143563,-1908.76575514,13.6311880655,16.1147514397
144,Rh_Cat238,-2380.1942074,-2380.20194286,-2380.17329984,13.119692521900001,17.9737671589
145,Rh_Cat239,-2223.0872371,-2223.08692995,-2223.06561001,13.5712044324,13.3784648894
146,Rh_Cat23,-2305.49512155,-2305.50109057,-2305.46921759,16.2549809877,20.0005977434
147,Rh_Cat240,-2388.8875691,-2388.89161239,-2388.86289793,15.4813935509,18.0185964372
148,Rh_Cat241,-2374.3945794,-2374.39209544,-2374.37399159,12.919046359200001,11.360337861600001
149,Rh_Cat242,-2832.1929991,-2832.19317316,-2832.17134012,13.5912157104,13.700440013800002
150,Rh_Cat244,-4212.28319495,-4212.28021746,-4212.25853548,15.474051689500001,13.605648428699999
151,Rh_Cat245,-2531.53885662,-2531.53873973,-2531.51698789,13.722835827799999,13.6494862425
152,Rh_Cat246,-2531.52154406,-2531.53464878,-2531.50238635,12.0216450232,20.2449813182
153,Rh_Cat247,-2531.54362277,-2531.53961396,-2531.51765948,16.2922111264,13.7766447677
154,Rh_Cat248,-3289.93786563,-3289.94983376,-3289.91994428,11.2458173779,18.75593265
155,Rh_Cat249,-2675.17926773,-2675.18989339,-2675.15850003,13.0319290431,19.6996316369
156,Rh_Cat24,-1539.11051882,-1539.11057805,-1539.08273347,17.4355710858,17.472738473499998
157,Rh_Cat250,-2832.32924201,-2832.33496324,-2832.30844758,13.048702372100001,16.638828548699998
158,Rh_Cat251,-3071.95486577,-3071.9569876999994,-3071.9344053000004,12.839139299600001,14.170670532699999
159,Rh_Cat252,-2832.32372734,-2832.33997032,-2832.30451729,12.0544888704,22.247113128600002
160,Rh_Cat253,-4513.06802618,-4513.0755297,-4513.04669262,13.3870115689,18.0955416522
161,Rh_Cat254,-2531.54123402,-2531.54406326,-2531.51878174,14.0890189966,15.8643939742
162,Rh_Cat255,-2688.6736524999997,-2688.67472754,-2688.64826824,15.928864300499999,16.6034621132
163,Rh_Cat256,-1922.29209821,-1922.29219936,-1922.26617306,16.2682779139,16.3317504999
164,Rh_Cat257,-2236.55186844,-2236.55318906,-2236.5260421,16.2062737003,17.0349752963
165,Rh_Cat258,-2832.18584856,-2832.18621549,-2832.16506516,13.0417809425,13.272033003199999
166,Rh_Cat259,-2832.33529095,-2832.34180157,-2832.31541464,12.4725733498,16.558049250699998
167,Rh_Cat25,-1853.36889666,-1853.37111346,-1853.34220412,16.7498224292,18.140885488800002
168,Rh_Cat260,-2688.6805765,-2688.68253361,-2688.65680219,14.918605380999999,16.1467104987
169,Rh_Cat261,-2928.30675786,-2928.3086346,-2928.28322125,14.7694463726,15.947118551700001
170,Rh_Cat262,-1836.93913188,-1836.94191985,-1836.91221875,16.888244749800002,18.6377224105
171,Rh_Cat263,-1994.05969099,-1994.06037961,-1994.03363028,16.3533431018,16.785458693699997
172,Rh_Cat264,-2465.44559896,-2465.45034989,-2465.42044283,15.7857105583,18.766964267
173,Rh_Cat265,-2151.16621351,-2151.17282523,-2151.14483456,13.4154942249,17.5644113362
174,Rh_Cat266,-2137.68670456,-2137.69091455,-2137.66489916,13.6830956514,16.3249043711
175,Rh_Cat267,-2609.09777536,-2609.10270059,-2609.06946431,17.7654528299,20.8560814446
176,Rh_Cat268,-2451.98609,-2451.98647999,-2451.96469145,13.4277934112,13.672515841300001
177,Rh_Cat269,-2617.78625501,-2617.79037956,-2617.76135611,15.6242962894,18.2124905977
178,Rh_Cat26,-2449.00655053,-2449.01077046,-2448.98162101,15.6435106305,18.2915567949
179,Rh_Cat270,-2603.293623,-2603.29507281,-2603.27152127,13.8690455415,14.7788150896
180,Rh_Cat271,-3061.09405408,-3061.09497511,-3061.06887732,15.7986560794,16.3766111541
181,Rh_Cat272,-3000.06651426,-3000.06888014,-3000.04406381,14.087870654400001,15.5724828303
182,Rh_Cat273,-4441.17894441,-4441.18237729,-4441.1575899,13.4001578932,15.5543227051
183,Rh_Cat274,-2760.44251693,-2760.44002486,-2760.41566739,16.8483414204,15.2845438208
184,Rh_Cat275,-2760.42539648,-2760.42326063,-2760.40246448,14.3900478539,13.0497816884
185,Rh_Cat276,-2760.4400401999997,-2760.43940177,-2760.41779641,13.9581895411,13.557568650999999
186,Rh_Cat277,-3518.7690230999997,-3518.77647463,-3518.74947255,12.2681558553,16.9440617197
187,Rh_Cat278,-2904.07968755,-2904.09105752,-2904.05883467,13.0853803023,20.220144492
188,Rh_Cat279,-3061.23015158,-3061.2360098999998,-3061.20861701,13.5131472533,17.1892987075
189,Rh_Cat27,-2449.15513791,-2449.16178239,-2449.13194803,14.551870004000001,18.7213443266
190,Rh_Cat280,-3300.85602466,-3300.86146018,-3300.83215502,14.9784258617,18.3892662991
191,Rh_Cat281,-3061.22433148,-3061.24164955,-3061.20355408,13.0380158853,23.9052693322
192,Rh_Cat282,-4741.96892708,-4741.97658402,-4741.94725506,13.599398434000001,18.4042010248
193,Rh_Cat283,-2760.43525267,-2760.43737504,-2760.41141839,14.9562371256,16.2880444631
194,Rh_Cat284,-2917.57288434,-2917.58787089,-2917.55019801,14.2358875954,23.6400900925
195,Rh_Cat285,-2151.19003214,-2151.19067175,-2151.16400458,16.3325411617,16.7339025132
196,Rh_Cat286,-2465.45122946,-2465.45290181,-2465.42532603,16.2546484074,17.3040639199
197,Rh_Cat287,-3061.08454699,-3061.08499146,-3061.06346069,13.23185357,13.5107627173
198,Rh_Cat288,-3061.23392256,-3061.23593216,-3061.21288187,13.2032328616,14.464275953
199,Rh_Cat289,-2917.58010107,-2917.5859001999997,-2917.55577894,15.2623676354,18.9013768021
200,Rh_Cat28,-2305.50168876,-2305.50590997,-2305.4767323,15.660415736300001,18.3092651129
201,Rh_Cat290,-3157.20613179,-3157.20822674,-3157.18236305,14.915110153299999,16.2297111802
202,Rh_Cat291,-1806.42662906,-1806.42844238,-1806.40027035,16.5403409328,17.6782164593
203,Rh_Cat292,-1963.54976933,-1963.55138146,-1963.52432523,15.966414468900002,16.978041359200002
204,Rh_Cat293,-2434.93193656,-2434.93694305,-2434.9067649,15.7954557808,18.9370758176
205,Rh_Cat294,-2120.66097651,-2120.66586907,-2120.63666135,15.2579938942,18.3281217734
206,Rh_Cat295,-2107.17264506,-2107.17651041,-2107.15198404,12.9649863296,15.3905301754
207,Rh_Cat296,-2578.58060442,-2578.58845803,-2578.55971681,13.1071737073,18.0353885916
208,Rh_Cat297,-2421.47120119,-2421.47358922,-2421.45169471,12.240501511600002,13.7390130229
209,Rh_Cat298,-2587.27303591,-2587.2769682,-2587.24824693,15.5553204455,18.022869777100002
210,Rh_Cat299,-2572.78480136,-2572.78108429,-2572.75937751,15.953707401700001,13.621210664400001
211,Rh_Cat29,-2545.12786409,-2545.13149159,-2545.10082824,16.9652527157,19.2415434271
212,Rh_Cat2,-1381.98182541,-1381.98188558,-1381.95365122,17.6795718799,17.717329126400003
213,Rh_Cat300,-3030.58333061,-3030.58100243,-3030.5604144999998,14.3800767278,12.9191216601
214,Rh_Cat301,-2969.55624532,-2969.55284392,-2969.53126134,15.6776847977,13.5432739846
215,Rh_Cat302,-4410.66861869,-4410.66498599,-4410.64353493,15.740297695499999,13.460743935
216,Rh_Cat303,-2729.9230525,-2729.92646501,-2729.90178873,13.343217680599999,15.4846001245
217,Rh_Cat304,-2729.90770686,-2729.91552566,-2729.88833142,12.1582726665,17.0646439453
218,Rh_Cat305,-2729.85182731,-2729.84847955,-2729.8294705,14.029110664700001,11.928359461
219,Rh_Cat306,-3488.25443205,-3488.26208204,-3488.23546427,11.902462143900001,16.7029035438
220,Rh_Cat307,-2873.56528648,-2873.57614334,-2873.54451097,13.0368298924,19.8496126825
221,Rh_Cat308,-3030.70445891,-3030.71125097,-3030.68275817,13.6174205071,17.8795026817
222,Rh_Cat309,-3270.34119873,-3270.3429565,-3270.32065541,12.891128461500001,13.9941458353
223,Rh_Cat30,-1303.41932847,-1303.4200076,-1303.39234774,16.9306643919,17.356824918599997
224,Rh_Cat310,-3030.7100129,-3030.72580467,-3030.6910841999998,11.8779390725,21.7874247693
225,Rh_Cat311,-4711.45378197,-4711.46108048,-4711.43231076,13.473388251300001,18.0532726124
226,Rh_Cat312,-2729.92214842,-2729.92301768,-2729.89773641,15.3187681892,15.8642370971
227,Rh_Cat313,-2887.05365323,-2887.06062403,-2887.03179421,13.7167427105,18.0909859332
228,Rh_Cat314,-2120.67703177,-2120.67734799,-2120.65112087,16.2593359038,16.4577669576
229,Rh_Cat315,-2434.93695254,-2434.93820507,-2434.91117209,16.177477289400002,16.9634517633
230,Rh_Cat316,-3030.57302753,-3030.57339367,-3030.55209158,13.137507516800001,13.3672638449
231,Rh_Cat318,-2887.0741829999997,-2887.08433837,-2887.05400633,12.6610521035,19.0336432543
232,Rh_Cat319,-3126.69147278,-3126.69304896,-3126.66778966,14.8613827896,15.850450713399999
233,Rh_Cat31,-1460.5378392999999,-1460.53978716,-1460.51221673,16.0784060894,17.3007067441
234,Rh_Cat320,-2526.98392998,-2526.98537001,-2526.95755885,16.5481346007,17.4517671061
235,Rh_Cat321,-2684.10734834,-2684.10543202,-2684.08193234,15.948781452,14.746272447
236,Rh_Cat322,-3155.48966577,-3155.49373807,-3155.46472922,15.6479220222,18.2033289588
237,Rh_Cat323,-2841.21832801,-2841.22306661,-2841.19421545,15.1308604694,18.1043769861
238,Rh_Cat324,-2827.72953536,-2827.73313425,-2827.70796614,13.5348904578,15.7932281222
239,Rh_Cat325,-3299.13823927,-3299.14683852,-3299.11888746,12.1434446172,17.539555685
240,Rh_Cat326,-3142.02716643,-3142.02935457,-3142.00773215,12.195195325699999,13.5682739632
241,Rh_Cat327,-3307.83074626,-3307.83415407,-3307.80625345,15.3694709567,17.507904105799998
242,Rh_Cat328,-3293.34273104,-3293.33630701,-3293.31567331,16.9789826236,12.9478427701
243,Rh_Cat329,-3751.14103163,-3751.13818567,-3751.1177236999997,14.6259475001,12.840080563599999
244,Rh_Cat32,-1931.92333484,-1931.92511425,-1931.89681714,16.6401086682,17.7567053476
245,Rh_Cat330,-3690.11418333,-3690.10808044,-3690.08777139,16.5737432634,12.7441218109
246,Rh_Cat331,-5131.22107038,-5131.22030171,-5131.19962181,13.459181436300002,12.976833708900001
247,Rh_Cat332,-3450.48169797,-3450.48399049,-3450.46028117,13.4392454595,14.8778235384
248,Rh_Cat333,-3450.4676535999997,-3450.46200893,-3450.44666115,13.1729618033,9.63087775388
249,Rh_Cat334,-3450.48386389,-3450.48424134,-3450.46209997,13.6570665572,13.8939200181
250,Rh_Cat335,-4208.88453985,-4208.89846027,-4208.86636144,11.4071249696,20.142320763900003
251,Rh_Cat336,-3594.13079218,-3594.14313492,-3594.10062627,18.929395101199997,26.674581707399998
252,Rh_Cat337,-3751.26034415,-3751.26677093,-3751.23880842,13.5138751644,17.5467406687
253,Rh_Cat338,-3990.8964853,-3990.89824942,-3990.87612267,12.777743770199999,13.8847458292
254,Rh_Cat339,-3751.26568416,-3751.28133839,-3751.24668142,11.924399875999999,21.747577916199997
255,Rh_Cat33,-1617.64993598,-1617.6502482,-1617.62598923,15.026813119200002,15.2227341353
256,Rh_Cat340,-5432.01109462,-5432.01309761,-5431.99080192,12.7338620307,13.9907572839
257,Rh_Cat341,-3450.47975452,-3450.48681691,-3450.45516366,15.4309982632,19.8627150809
258,Rh_Cat342,-3607.61303287,-3607.617078,-3607.5910379,13.8020526272,16.340410131
259,Rh_Cat343,-2841.23403475,-2841.2341005,-2841.20831664,16.1383583471,16.1796170967
260,Rh_Cat344,-3155.48513754,-3155.4957629,-3155.46934681,9.908833086889999,16.5763474279
261,Rh_Cat345,-3751.12443801,-3751.13169624,-3751.10705584,10.9074768056,15.462085083800002
262,Rh_Cat346,-3751.27527919,-3751.27727035,-3751.25484118,12.825045436300002,14.0745172522
263,Rh_Cat347,-3607.62320894,-3607.628565,-3607.59998521,14.5731112005,17.9340897331
264,Rh_Cat348,-3847.2490329,-3847.25628562,-3847.22522244,14.9412898495,19.4924405504
265,Rh_Cat349,-1686.61219139,-1686.6142442000003,-1686.58556131,16.7106281857,17.9987859625
266,Rh_Cat34,-1604.1677934,-1604.17230494,-1604.14383423,15.0346067871,17.8656409967
267,Rh_Cat350,-1843.73332983,-1843.73328215,-1843.70740183,16.270066315999998,16.240146663
268,Rh_Cat351,-2315.11924246,-2315.12335568,-2315.09405263,15.8068576283,18.387942253800002
269,Rh_Cat352,-2000.83988076,-2000.84633913,-2000.81851754,13.405623500599999,17.4583120301
270,Rh_Cat353,-1987.35799874,-1987.36225081,-1987.33728286,12.999411500899999,15.6676258205
271,Rh_Cat354,-2458.76976686,-2458.77866055,-2458.74095937,18.076973646099997,23.6578486113
272,Rh_Cat355,-2301.65912852,-2301.65891218,-2301.63741507,13.625396152999999,13.4896407475
273,Rh_Cat356,-2467.45977848,-2467.46372542,-2467.43500333,15.5466419887,18.0233843348
274,Rh_Cat357,-2452.97189952,-2452.96756511,-2452.9443485999996,17.2884640338,14.568580581900001
275,Rh_Cat358,-2910.76442127,-2910.76785714,-2910.74273712,13.6070101245,15.7630511902
276,Rh_Cat359,-2849.73906216,-2849.74082538,-2849.71735702,13.620181548800002,14.726618849500001
277,Rh_Cat35,-2075.57113858,-2075.57813189,-2075.54696958,15.166277105399999,19.5546455667
278,Rh_Cat360,-4290.85196267,-4290.85376983,-4290.8304482,13.500534312200001,14.6345443801
279,Rh_Cat361,-2610.11551334,-2610.11206112,-2610.08858807,16.8958627151,14.729561869100001
280,Rh_Cat362,-2610.09750752,-2610.10321537,-2610.0804186,10.7234596447,14.305189744200002
281,Rh_Cat363,-2610.11595014,-2610.11257457,-2610.09017571,16.1736996822,14.055497439200002
282,Rh_Cat364,-3368.43830433,-3368.44636466,-3368.41927042,11.9439593471,17.0018929954
283,Rh_Cat365,-2753.75173805,-2753.76269975,-2753.7309343,13.0545507604,19.9331216468
284,Rh_Cat366,-2910.89990206,-2910.90758206,-2910.87844123,13.4668747028,18.2861476629
285,Rh_Cat367,-3150.52749472,-3150.5296553000003,-3150.50700164,12.8596023843,14.2153868597
286,Rh_Cat368,-2910.89619691,-2910.9124786999996,-2910.87685764,12.1355756482,22.3525535502
287,Rh_Cat369,-4591.64073298,-4591.64840464,-4591.61918494,13.521599806500001,18.3356393371
288,Rh_Cat36,-1918.46724859,-1918.46916824,-1918.44363038,14.820651148,16.0252497597
289,Rh_Cat370,-2610.10828907,-2610.11015686,-2610.08465697,14.829367254800001,16.0014232239
290,Rh_Cat371,-2767.24609613,-2767.24712107,-2767.22022053,16.2371848181,16.8803444052
291,Rh_Cat372,-2000.86354144,-2000.8640049000003,-2000.83751424,16.332315258399998,16.6231408113
292,Rh_Cat373,-2315.12429522,-2315.12554741,-2315.09837707,16.2638853475,17.0496464682
293,Rh_Cat374,-2910.75803153,-2910.75851601,-2910.73701621,13.187312945599999,13.491328748199999
294,Rh_Cat375,-2910.90372325,-2910.9113260999998,-2910.88270355,13.1900614372,17.9609220395
295,Rh_Cat376,-2767.25300514,-2767.25508453,-2767.22908793,15.008276488499998,16.3131134679
296,Rh_Cat377,-3006.87919954,-3006.88109321,-3006.85549485,14.8749181697,16.063214084400002
297,Rh_Cat378,-1686.60603473,-1686.61331329,-1686.58117218,15.601486319100001,20.1688518655
298,Rh_Cat379,-1843.71784483,-1843.72525599,-1843.69482094,14.447709702000001,19.098283008
299,Rh_Cat37,-2084.26053289,-2084.25863942,-2084.23644871,15.1130517497,13.9248813367
300,Rh_Cat380,-2315.1057091999996,-2315.11502886,-2315.08234709,14.6599459651,20.5081211519
301,Rh_Cat381,-2000.82984837,-2000.83962523,-2000.80577272,15.107699093699999,21.2427716238
302,Rh_Cat382,-1987.35325343,-1987.3569649,-1987.33262074,12.9472089855,15.276191669600001
303,Rh_Cat383,-2458.75970426,-2458.76581301,-2458.73917995,12.879199505899999,16.7124981639
304,Rh_Cat384,-2301.64762221,-2301.6582141999997,-2301.62498382,14.2058047896,20.852379138699998
305,Rh_Cat385,-2467.44191446,-2467.45091737,-2467.41797161,15.024365832,20.6737773845
306,Rh_Cat386,-2452.96225768,-2452.963283,-2452.94196255,12.735386878900002,13.378784919300001
307,Rh_Cat387,-2910.76022284,-2910.76147616,-2910.73981002,12.809238472,13.5957086783
308,Rh_Cat388,-2849.73474592,-2849.73593404,-2849.71465302,12.608485632699999,13.3540422197
309,Rh_Cat389,-4290.84695407,-4290.84856695,-4290.82712967,12.439999331400001,13.452096853699999
310,Rh_Cat38,-2069.78203479,-2069.78242543,-2069.7578645,15.1670865929,15.412216903800001
311,Rh_Cat390,-2610.10618824,-2610.10710843,-2610.08570473,12.8535971183,13.4310250852
312,Rh_Cat391,-2610.07260529,-2610.07932809,-2610.05576702,10.5661743885,14.784795255299999
313,Rh_Cat392,-2610.10644935,-2610.10751748,-2610.08558927,13.0898983706,13.7601600928
314,Rh_Cat393,-3368.47635,-3368.48939937,-3368.47080998,3.47641518013,11.6650188241
315,Rh_Cat394,-2753.75210085,-2753.76410694,-2753.73193767,12.652586999999999,20.186522532999998
316,Rh_Cat395,-2910.89292711,-2910.90045932,-2910.87268517,12.702009648599999,17.4285429797
317,Rh_Cat396,-3150.51947847,-3150.52194316,-3150.49844237,13.2003525932,14.7469689825
318,Rh_Cat397,-2910.89690333,-2910.90556026,-2910.87003804,16.8582246952,22.290530511100002
319,Rh_Cat398,-4591.63563251,-4591.64171811,-4591.6122757,14.656620164300001,18.4753919775
320,Rh_Cat399,-2610.10125539,-2610.10931479,-2610.07746553,14.9283631536,19.9857132179
321,Rh_Cat39,-2527.5787707,-2527.57940856,-2527.55463993,15.1422874172,15.5425506269
322,Rh_Cat3,-1853.36527581,-1853.36746409,-1853.33853891,16.7776587506,18.1508252393
323,Rh_Cat400,-2767.22941053,-2767.24741187,-2767.20335115,16.352508514300002,27.648520376999997
324,Rh_Cat401,-2000.84795313,-2000.85815325,-2000.82466362,14.6143887754,21.015060976500003
325,Rh_Cat402,-2315.11885258,-2315.1255318000003,-2315.0938251999996,15.70491871,19.8961927126
326,Rh_Cat403,-2910.74097881,-2910.74027986,-2910.71559605,15.9279230362,15.489325271300002
327,Rh_Cat404,-2910.90213787,-2910.90468653,-2910.87990529,13.9511551595,15.550463521900001
328,Rh_Cat405,-2767.24522515,-2767.25202148,-2767.22107866,15.1521518667,19.416913507
329,Rh_Cat406,-3006.87189326,-3006.8802564,-3006.84828358,14.8152984919,20.0632482916
330,Rh_Cat407,-1686.61284433,-1686.61497079,-1686.58626307,16.6799931719,18.0143670232
331,Rh_Cat408,-1843.73584794,-1843.73834041,-1843.71049205,15.9110618559,17.4751104594
332,Rh_Cat409,-2315.11969443,-2315.12341114,-2315.09426549,15.9569014249,18.289172258599997
333,Rh_Cat40,-2466.55324496,-2466.55330307,-2466.52958307,14.8480607629,14.8845253398
334,Rh_Cat410,-2000.84796584,-2000.85328184,-2000.82372586,15.2108177298,18.546658231800002
335,Rh_Cat411,-1987.3594437,-1987.36301715,-1987.33748865,13.7770024479,16.0193762706
336,Rh_Cat412,-2458.7687634,-2458.77476374,-2458.73998755,18.0571192455,21.8223895987
337,Rh_Cat413,-2301.65886166,-2301.65933141,-2301.63790473,13.150672665799998,13.445445253399999
338,Rh_Cat414,-2467.46048246,-2467.46473539,-2467.43577903,15.5016370076,18.1703909854
339,Rh_Cat415,-2452.97316576,-2452.96907169,-2452.95000918,14.5309739375,11.961906118800002
340,Rh_Cat416,-2910.77017003,-2910.76819311,-2910.74685244,14.632009242,13.3914731613
341,Rh_Cat417,-2849.74561477,-2849.74213239,-2849.72132573,15.2416033459,13.0563768132
342,Rh_Cat418,-4290.85806386,-4290.8547471,-4290.83416083,14.999378403699998,12.9180799948
343,Rh_Cat419,-2610.11700483,-2610.11321342,-2610.09356965,14.705798084200001,12.326652290899998
344,Rh_Cat41,-3907.66628108,-3907.6660943,-3907.64288099,14.683778775899999,14.5665725516
345,Rh_Cat420,-2610.09307526,-2610.10210926,-2610.0743109,11.7748141615,17.4437349844
346,Rh_Cat421,-2610.11124976,-2610.11208239,-2610.08961974,13.5730430352,14.0955262701
347,Rh_Cat422,-3368.50884352,-3368.5235318000005,-3368.49049919,11.5112413463,20.7282765849
348,Rh_Cat423,-2753.75139684,-2753.76220725,-2753.73074982,12.9562011967,19.7398361706
349,Rh_Cat424,-2910.9016735,-2910.90387343,-2910.88086524,13.0573808286,14.437857803
350,Rh_Cat425,-3150.51595263,-3150.52135243,-3150.49481716,13.262708212,16.651134010299998
351,Rh_Cat426,-2910.89427434,-2910.91183789,-2910.87701832,10.8283164821,21.8496109608
352,Rh_Cat427,-4591.64148578,-4591.64301769,-4591.61276473,18.022731725,18.9840198033
353,Rh_Cat428,-2610.1084922,-2610.11084104,-2610.08498076,14.7536519588,16.227571372899998
354,Rh_Cat429,-2767.24617611,-2767.24722213,-2767.22011155,16.3557590131,17.0121465004
355,Rh_Cat42,-2226.92541701,-2226.92637296,-2226.90094284,15.3577741795,15.957641886300001
356,Rh_Cat430,-2000.86417945,-2000.86451586,-2000.83816031,16.3272575318,16.5383580028
357,Rh_Cat431,-2315.12453116,-2315.1256184,-2315.09852935,16.3163827924,16.998636220999998
358,Rh_Cat433,-2910.90450543,-2910.90705634,-2910.88420421,12.739208411600002,14.339928670299999
359,Rh_Cat434,-2767.25313853,-2767.25535054,-2767.22930914,14.953168604000002,16.3412258933
360,Rh_Cat435,-3006.87931571,-3006.88167813,-3006.85580457,14.7534637057,16.235904698800002
361,Rh_Cat436,-2065.82190796,-2065.82679769,-2065.79555762,16.535088678,19.6034407056
362,Rh_Cat437,-2222.94173492,-2222.94884127,-2222.91728676,15.3414526574,19.8007547927
363,Rh_Cat438,-2694.32691517,-2694.3385282,-2694.3041375999996,14.2931415619,21.5804282106
364,Rh_Cat439,-2380.05112998,-2380.06264487,-2380.02683207,15.2471693551,22.4728722215
365,Rh_Cat43,-2226.90589648,-2226.90202334,-2226.88067106,15.829190691500001,13.398758546600002
366,Rh_Cat440,-2366.56405535,-2366.56935985,-2366.54204332,13.8127579393,17.141382082
367,Rh_Cat441,-2837.96994272,-2837.97700316,-2837.94729752,14.210078129200001,18.640571303599998
368,Rh_Cat442,-2680.86083512,-2680.87114132,-2680.83821703,14.1930663468,20.6603047556
369,Rh_Cat443,-2846.66316019,-2846.67398677,-2846.63876328,15.3092927955,22.103074598000003
370,Rh_Cat444,-2832.17373184,-2832.18038341,-2832.15397981,12.3945864695,16.5685098344
371,Rh_Cat445,-3289.96995996,-3289.97681907,-3289.94920479,13.024066349100002,17.3282230359
372,Rh_Cat446,-3228.80029422,-3228.80058103,-3228.7690375,19.6138887388,19.793864738499998
373,Rh_Cat447,-4670.06613669,-4670.06837177,-4670.04272468,14.691258689300001,16.0937926226
374,Rh_Cat448,-2989.31654475,-2989.32303686,-2989.29594161,12.928666079700001,17.0025267796
375,Rh_Cat449,-2989.29154317,-2989.28386908,-2989.27441411,10.7486478759,5.933083497059999
376,Rh_Cat44,-2226.9253941,-2226.92594164,-2226.9011589,15.207818234400001,15.551404785899999
377,Rh_Cat451,-3747.70195086,-3747.72249041,-3747.68903907,8.102270887060001,20.9910336376
378,Rh_Cat452,-3132.96438353,-3132.96921879,-3132.93882916,16.035609941500002,19.0697815266
379,Rh_Cat453,-3290.08755034,-3290.106045,-3290.06535879,13.9254084445,25.5309832939
380,Rh_Cat454,-3529.71491031,-3529.73333873,-3529.692936,13.789088281,25.353096901
381,Rh_Cat455,-3290.10919553,-3290.12315823,-3290.08636641,14.325489676400002,23.0872165723
382,Rh_Cat456,-4970.83124356,-4970.84958887,-4970.80934344,13.7425333513,25.2543896567
383,Rh_Cat457,-2989.3213703,-2989.33377304,-2989.29474316,16.7087833079,24.4916204837
384,Rh_Cat459,-2380.07257553,-2380.07689474,-2380.04804144,15.395374548900001,18.105719856500002
385,Rh_Cat45,-2985.33264246,-2985.3420516999995,-2985.31012188,14.131877895399999,20.036265383099998
386,Rh_Cat460,-2694.3365531,-2694.33989387,-2694.3117114,15.588402746,17.6847676585
387,Rh_Cat461,-3289.95506807,-3289.96317903,-3289.93277036,13.9920248531,19.0817293072
388,Rh_Cat462,-3290.11041163,-3290.11918648,-3290.08922541,13.294554319000001,18.8008560551
389,Rh_Cat465,-1758.42608433,-1758.43020721,-1758.40067477,15.944740290899999,18.5318866581
390,Rh_Cat466,-1915.54762783,-1915.54888872,-1915.52331321,15.257655038900001,16.0488754923
391,Rh_Cat467,-2386.93417141,-2386.93290199,-2386.90814179,16.3338338313,15.537260721900001
392,Rh_Cat468,-2072.67176535,-2072.67561268,-2072.64611058,16.0986118954,18.5128480201
393,Rh_Cat469,-2059.18586656,-2059.19316194,-2059.16563547,12.695201170299999,17.2731214267
394,Rh_Cat46,-2370.57137472,-2370.58102865,-2370.55104026,12.7600668276,18.8179996148
395,Rh_Cat470,-2530.59383334,-2530.60033877,-2530.57091374,14.382266736199998,18.4644858627
396,Rh_Cat471,-2373.49602902,-2373.50365697,-2373.47478357,13.3317217069,18.1183327973
397,Rh_Cat472,-2539.28086574,-2539.27915993,-2539.25562455,15.839086516400002,14.768674535999999
398,Rh_Cat473,-2524.78520475,-2524.78548238,-2524.76639328,11.804376133900002,11.978591596300001
399,Rh_Cat474,-2982.58520866,-2982.5856818,-2982.56557445,12.3206532999,12.617553145
400,Rh_Cat475,-2921.55738852,-2921.55830522,-2921.53838001,11.928020605999999,12.503258564600001
401,Rh_Cat476,-4362.66788643,-4362.67445739,-4362.64446368,14.697998141400001,18.8213379652
402,Rh_Cat477,-2681.92416509,-2681.92898304,-2681.90193915,13.946988496300001,16.9702978918
403,Rh_Cat478,-2681.91941913,-2681.92093758,-2681.89395791,15.9771574314,16.9299992318
404,Rh_Cat479,-2681.92508636,-2681.92915919,-2681.90310217,13.795288075,16.3510275919
405,Rh_Cat47,-2527.70395232,-2527.70555538,-2527.68045582,14.744276966700001,15.7502123458
406,Rh_Cat480,-3440.3376620999998,-3440.34063287,-3440.31506663,14.1788720822,16.0430584793
407,Rh_Cat481,-2825.58085105,-2825.58484463,-2825.55932468,13.5080016756,16.0140110647
408,Rh_Cat482,-2982.72110966,-2982.71995275,-2982.6987729,14.016529099000001,13.2905570835
409,Rh_Cat483,-3222.36040314,-3222.3464147,-3222.32352735,23.139908545,14.3620295548
410,Rh_Cat484,-2982.73188229,-2982.7418489,-2982.71361591,11.462326980699999,17.7164694385
411,Rh_Cat485,-4663.45683537,-4663.46016406,-4663.43486306,13.787833261900001,15.8766178599
412,Rh_Cat486,-2681.91791648,-2681.93395587,-2681.89307366,15.589105556600002,25.653975155900003
413,Rh_Cat487,-2839.0613101999998,-2839.07098651,-2839.03590585,15.9414709666,22.0134474162
414,Rh_Cat488,-2072.68239459,-2072.68338846,-2072.64933419,20.7457150738,21.3693779406
415,Rh_Cat489,-2386.94139463,-2386.94167173,-2386.90757677,21.2210284197,21.3949113021
416,Rh_Cat48,-2767.32926709,-2767.33795902,-2767.30722838,13.8294998926,19.2837685411
417,Rh_Cat490,-2982.56778764,-2982.56217731,-2982.54614695,13.579738561500001,10.0592031885
418,Rh_Cat491,-2982.73562768,-2982.73732448,-2982.7147551,13.0977422397,14.162500359300001
419,Rh_Cat492,-2839.0672044,-2839.06560517,-2839.03775981,18.4767599485,17.4732279309
420,Rh_Cat493,-3078.69303561,-3078.70149878,-3078.67095815,13.853815886,19.164535460899998
421,Rh_Cat494,-1836.99931455,-1837.00384748,-1836.97472014,15.4332259219,18.2776825598
422,Rh_Cat495,-1994.11780271,-1994.11885259,-1994.09328168,15.3871792748,16.045988948599998
423,Rh_Cat496,-2465.50062143,-2465.50499975,-2465.47534257,15.8627247992,18.6101621932
424,Rh_Cat497,-2151.24209927,-2151.24533703,-2151.21639582,16.1291590578,18.1608842165
425,Rh_Cat498,-2137.7644505,-2137.76195815,-2137.73140421,20.7368609146,19.1728876122
426,Rh_Cat499,-2609.17033133,-2609.17108628,-2609.14838973,13.7685624452,14.2423007423
427,Rh_Cat49,-2527.71357604,-2527.71927191,-2527.68313543,19.1017719607,22.6759844963
428,Rh_Cat4,-1539.09704426,-1539.09525214,-1539.07035105,16.7502428605,15.6256705353
429,Rh_Cat500,-2452.06639385,-2452.07351244,-2452.0450915999995,13.367364246500001,17.8343470979
430,Rh_Cat501,-2617.85174818,-2617.84931448,-2617.8255437,16.4435601427,14.9163902725
431,Rh_Cat502,-2603.35519158,-2603.35547916,-2603.33634845,11.8242430846,12.0047022667
432,Rh_Cat503,-3061.1535277,-3061.15161086,-3061.12950221,15.0762232171,13.8733879072
433,Rh_Cat504,-3000.12750656,-3000.12805577,-3000.10876985,11.757463523599998,12.102098016300001
434,Rh_Cat505,-4441.23965338,-4441.24025948,-4441.22101317,11.6969088569,12.0772423645
435,Rh_Cat506,-2760.50017711,-2760.50684982,-2760.47427654,16.2528537304,20.440042646
436,Rh_Cat507,-2760.49242211,-2760.48249157,-2760.47387569,11.6380547409,5.406546550850001
437,Rh_Cat508,-2760.49609226,-2760.49523977,-2760.47222993,14.9738387669,14.438893193299998
438,Rh_Cat509,-3518.82217726,-3518.81792108,-3518.79749457,15.488622460699998,12.8178290769
439,Rh_Cat50,-4208.44793131,-4208.45107691,-4208.42481084,14.5083145697,16.4822084527
440,Rh_Cat510,-2904.14646087,-2904.15003986,-2904.12405377,14.0606681173,16.3065183429
441,Rh_Cat511,-3061.28684233,-3061.29070532,-3061.26435048,14.1138495477,16.5379124712
442,Rh_Cat512,-3300.91756778,-3300.91600318,-3300.89518634,14.0445662238,13.0627648602
443,Rh_Cat513,-3061.30441164,-3061.30669154,-3061.28180151,14.1880713712,15.6187302802
444,Rh_Cat514,-4742.0328263,-4742.03161053,-4742.010502300001,14.008522078299999,13.2456148533
445,Rh_Cat515,-2760.48532313,-2760.49360065,-2760.46179353,14.765047531199999,19.9592699679
446,Rh_Cat516,-2917.62987081,-2917.64693307,-2917.60821389,13.589923040599999,24.296653282199998
447,Rh_Cat517,-2151.25048897,-2151.254519,-2151.22679978,14.8651917723,17.3940738827
448,Rh_Cat518,-2465.51108333,-2465.51480933,-2465.48729351,14.9283380532,17.2664384501
449,Rh_Cat519,-3061.1431064,-3061.14007563,-3061.11879489,15.255703484200001,13.3538665169
450,Rh_Cat51,-2226.91633573,-2226.92221053,-2226.89495589,13.416052708499999,17.1025455192
451,Rh_Cat520,-3061.3009377,-3061.30221386,-3061.27964751,13.3597964818,14.1605990053
452,Rh_Cat521,-2917.63075561,-2917.63910675,-2917.606859,14.995349792799999,20.235769478599998
453,Rh_Cat523,-1956.81221823,-1956.81637333,-1956.78770888,15.379849963800002,17.9872146872
454,Rh_Cat524,-2113.92699992,-2113.93108876,-2113.90219206,15.5671678248,18.1329537687
455,Rh_Cat525,-2585.3136468000002,-2585.31504754,-2585.28923262,15.3201298846,16.199107541700002
456,Rh_Cat526,-2271.0542589,-2271.05752217,-2271.02870736,16.0338340896,18.0815670156
457,Rh_Cat527,-2257.57232812,-2257.57347683,-2257.54537342,16.9143303195,17.6351567573
458,Rh_Cat528,-2728.98373226,-2728.98420322,-2728.96153918,13.9263685345,14.2219004084
459,Rh_Cat529,-2571.87932995,-2571.88184388,-2571.85810159,13.320997569400001,14.898512526700001
460,Rh_Cat52,-2384.0497754000003,-2384.05533291,-2384.02388434,16.2468861148,19.7342764362
461,Rh_Cat530,-2737.66372739,-2737.66818382,-2737.6376688,16.3520127816,19.1484649428
462,Rh_Cat531,-2723.16878912,-2723.16884088,-2723.14977229,11.9332414849,11.965721376700001
463,Rh_Cat532,-3180.96951308,-3180.96954027,-3180.94969358,12.4369245354,12.453986518599999
464,Rh_Cat533,-3119.93570727,-3119.9291238,-3119.91214244,14.7871546908,10.6559647229
465,Rh_Cat534,-4561.05230225,-4561.05268888,-4561.03349404,11.8023304532,12.0449444508
466,Rh_Cat535,-2880.31349102,-2880.31388467,-2880.29397194,12.248408131300002,12.495427245799998
467,Rh_Cat536,-2880.3054706,-2880.29516154,-2880.28631742,12.018802405,5.549769319169999
468,Rh_Cat537,-2880.3086229,-2880.31258774,-2880.28670513,13.753608893900001,16.2415836597
469,Rh_Cat538,-3638.72200756,-3638.73015393,-3638.69879801,14.5642131158,19.676137681500002
470,Rh_Cat539,-3023.96438493,-3023.96311563,-3023.94201929,14.0346515735,13.2381537652
471,Rh_Cat53,-1617.66806623,-1617.66965524,-1617.64148016,16.6830114927,17.6801303634
472,Rh_Cat540,-3181.09995121,-3181.10357386,-3181.07771292,13.954738238800001,16.2279855288
473,Rh_Cat541,-3420.72975601,-3420.72840562,-3420.70762447,13.8877515996,13.040369045899999
474,Rh_Cat542,-3181.11579678,-3181.11255837,-3181.092448,14.651581263499999,12.6194482236
475,Rh_Cat543,-4861.84494459,-4861.84366721,-4861.82292131,13.8198174207,13.0182493357
476,Rh_Cat544,-2880.29820869,-2880.3064136999997,-2880.27488382,14.6365775113,19.785299233900002
477,Rh_Cat545,-3037.44328018,-3037.46093808,-3037.41852978,15.5311111287,26.611611128699998
478,Rh_Cat546,-2271.06281352,-2271.06545236,-2271.03913118,14.8608933323,16.5167905013
479,Rh_Cat547,-2585.32339027,-2585.32702308,-2585.29965815,14.892130755,17.1717535417
480,Rh_Cat548,-3180.95569489,-3180.94942841,-3180.93371577,13.7921066015,9.85983087005
481,Rh_Cat549,-3181.11316072,-3181.1186553000002,-3181.09192435,13.326023920399999,16.7739250687
482,Rh_Cat54,-1931.92684037,-1931.92878618,-1931.90031464,16.6451475694,17.8661618297
483,Rh_Cat550,-3037.44329732,-3037.45170829,-3037.41946904,14.952472068699999,20.230435648
484,Rh_Cat551,-3277.07855057,-3277.08938489,-3277.05328249,15.8559602467,22.6545989727
485,Rh_Cat552,-1836.99919773,-1837.00536601,-1836.97663257,14.159852269100002,18.030506567699998
486,Rh_Cat553,-1994.12205815,-1994.12619416,-1994.09933024,14.2619794401,16.8573650073
487,Rh_Cat554,-2465.51416491,-2465.51902987,-2465.48965985,15.377157948199999,18.4299665652
488,Rh_Cat555,-2151.24472987,-2151.24466381,-2151.21887088,16.2267618854,16.185308607899998
489,Rh_Cat556,-2137.76049757,-2137.76739878,-2137.73958645,13.121926455699999,17.4525012921
490,Rh_Cat557,-2609.1724453,-2609.17873874,-2609.14921547,14.576939008499998,18.5261323961
491,Rh_Cat558,-2452.07140764,-2452.07662732,-2452.04984307,13.5319725384,16.8073713255
492,Rh_Cat559,-2617.85432796,-2617.85219986,-2617.82869434,16.0853400694,14.7499371025
493,Rh_Cat55,-2527.55379245,-2527.56118875,-2527.53050114,14.6155182924,19.256766807200002
494,Rh_Cat560,-2603.35440749,-2603.36566413,-2603.33004603,15.287047583800002,22.3506961218
495,Rh_Cat561,-3061.15959341,-3061.16181382,-3061.13000278,18.5684014361,19.9617298051
496,Rh_Cat562,-3000.12672301,-3000.13786728,-3000.10285187,14.979367126,21.9725024215
497,Rh_Cat563,-4441.2388657,-4441.24921334,-4441.21525569,14.8155055701,21.3087479727
498,Rh_Cat564,-2760.50456107,-2760.51041861,-2760.47455701,18.827832688599997,22.5034946854
499,Rh_Cat566,-2760.50483308,-2760.51554149,-2760.48445901,12.784922478599999,19.5045514835
500,Rh_Cat567,-3518.91162389,-3518.92484918,-3518.8875056,15.1344560987,23.4334512138
501,Rh_Cat568,-2904.15917558,-2904.16081142,-2904.13859911,12.911930401400001,13.9384355418
502,Rh_Cat569,-3061.29953679,-3061.30180616,-3061.27899157,12.8923207295,14.316371963599998
503,Rh_Cat56,-2527.71494599,-2527.71863463,-2527.69127651,14.8528235601,17.167480202100002
504,Rh_Cat570,-3300.92516671,-3300.92717891,-3300.90470007,12.8430110331,14.105685648699998
505,Rh_Cat572,-4742.04057333,-4742.04253229,-4742.02003385,12.8887188254,14.1179848353
506,Rh_Cat573,-2760.49968013,-2760.50912927,-2760.47347916,16.441357584200002,22.370782701
507,Rh_Cat575,-2151.25741733,-2151.2571406999996,-2151.23366629,14.904003234700001,14.730415281800001
508,Rh_Cat576,-2465.50690357,-2465.5108800000003,-2465.48132666,16.0497540056,18.5450016067
509,Rh_Cat577,-3061.13593956,-3061.14706403,-3061.1159091,12.569303939500001,19.5500145468
510,Rh_Cat578,-3061.30942388,-3061.31149898,-3061.28722276,13.9314137106,15.233558674100001
511,Rh_Cat579,-2917.64270935,-2917.64663056,-2917.61344137,18.3659354958,20.8265320223
512,Rh_Cat57,-2384.06453164,-2384.06414025,-2384.03808745,16.5939804447,16.348379501500002
513,Rh_Cat580,-3157.26546386,-3157.2741036999996,-3157.24390752,13.5268081353,18.948389813800002
514,Rh_Cat581,-2677.36932644,-2677.37404115,-2677.34520395,15.1370916387,18.0956169534
515,Rh_Cat582,-2834.48455564,-2834.48849723,-2834.45987842,15.4851899835,17.9585751536
516,Rh_Cat583,-3305.87687453,-3305.87965228,-3305.85364924,14.574090115299999,16.317154628900003
517,Rh_Cat585,-2978.13282866,-2978.13666792,-2978.10513541,17.3777774609,19.7869495839
518,Rh_Cat586,-3449.54006871,-3449.54805925,-3449.520294,12.4088183848,17.4229581448
519,Rh_Cat587,-3292.43751756,-3292.44038599,-3292.41645368,13.217784806800001,15.0177518819
520,Rh_Cat588,-3458.22303992,-3458.22041713,-3458.19732892,16.133896754400002,14.488071113
521,Rh_Cat589,-3443.72495973,-3443.73067274,-3443.70112987,14.9534635338,18.5384315823
522,Rh_Cat58,-2623.6811596000002,-2623.67804236,-2623.65468052,16.6158742511,14.6597765373
523,Rh_Cat590,-3901.52753617,-3901.52778552,-3901.50790104,12.3212306088,12.4777001027
524,Rh_Cat591,-3840.49707382,-3840.50260984,-3840.47611123,13.1542243697,16.6281295119
525,Rh_Cat592,-5281.6091393,-5281.61458785,-5281.58866145,12.8500454147,16.269062301199998
526,Rh_Cat593,-3600.87151164,-3600.87205757,-3600.85219132,12.123684342799999,12.4662606042
527,Rh_Cat594,-3600.86377943,-3600.85397285,-3600.84490858,11.841637648099999,5.687915535680001
528,Rh_Cat595,-3600.86624616,-3600.86991165,-3600.84440904,13.703000252799999,16.00313005
529,Rh_Cat596,-4359.28267984,-4359.27659864,-4359.2615504,13.25892433,9.44291355853
530,Rh_Cat597,-3744.51688424,-3744.52023312,-3744.49487631,13.8101851502,15.9116391645
531,Rh_Cat598,-3901.6576206,-3901.6612161,-3901.63543167,13.9237643699,16.179974777
532,Rh_Cat599,-4141.29467099,-4141.29811113,-4141.27403293,12.950578711099999,15.1092992424
533,Rh_Cat59,-1539.11129795,-1539.11206284,-1539.08440026,16.8785560032,17.358531744500002
534,Rh_Cat5,-1525.60940604,-1525.61382997,-1525.58505914,15.2779110455,18.0539691479
535,Rh_Cat600,-3901.67400082,-3901.67093283,-3901.65090279,14.4942332562,12.5690403852
536,Rh_Cat601,-5582.40258181,-5582.40104024,-5582.38074894,13.7003333374,12.7329835175
537,Rh_Cat602,-3600.85894944,-3600.8686051,-3600.8341877,15.538227086500001,21.5972454654
538,Rh_Cat603,-3758.00109489,-3758.01835724,-3757.97985174,13.3302784349,24.162567052300002
539,Rh_Cat604,-2991.62056704,-2991.62465607,-2991.59722675,14.6462537077,17.2121588785
540,Rh_Cat605,-3305.88142531,-3305.88504401,-3305.85776414,14.847608955999998,17.118377583599997
541,Rh_Cat606,-3901.51546338,-3901.5126897,-3901.49148392,15.0473389547,13.306828404900001
542,Rh_Cat607,-3901.67709838,-3901.67992741,-3901.65751943,12.2859771252,14.061220325799999
543,Rh_Cat608,-3758.00143612,-3758.00997782,-3757.97783748,14.8083707873,20.1683686834
544,Rh_Cat60,-1696.23038282,-1696.23095374,-1696.20456494,16.2009649698,16.5592226936
545,Rh_Cat610,-1686.61105763,-1686.61122206,-1686.58363178,17.2099814206,17.3131628077
546,Rh_Cat611,-1843.73044549,-1843.73415467,-1843.69963251,19.335437673399998,21.6629833606
547,Rh_Cat612,-2315.11634234,-2315.12094329,-2315.09310161,14.5837788619,17.4709186961
548,Rh_Cat613,-2000.83652622,-2000.83535374,-2000.8149162999998,13.560430094200001,12.8246877557
549,Rh_Cat614,-1987.35525546,-1987.35906805,-1987.33366555,13.547873629200001,15.9403100737
550,Rh_Cat615,-2458.76634692,-2458.77536506,-2458.74470591,13.5799393647,19.2389078868
551,Rh_Cat616,-2301.65114624,-2301.65914919,-2301.62792889,14.569107689700001,19.5910348428
552,Rh_Cat617,-2467.45083511,-2467.45113141,-2467.42542951,15.9422553531,16.1281864181
553,Rh_Cat618,-2452.96599136,-2452.9685254,-2452.942924,14.4749875399,16.0651217134
554,Rh_Cat619,-2910.76488612,-2910.76295782,-2910.7394133000003,15.984436541900001,14.774409973
555,Rh_Cat61,-2167.61581693,-2167.61670491,-2167.58920371,16.700048375599998,17.2572642612
556,Rh_Cat620,-2849.73778767,-2849.73559631,-2849.71304598,15.5256455212,14.150546302999999
557,Rh_Cat621,-4290.85103249,-4290.85657847,-4290.82630482,15.516847838,18.9970029751
558,Rh_Cat622,-2610.11047147,-2610.11641754,-2610.08495051,16.0146448491,19.745860261700003
559,Rh_Cat623,-2610.09418455,-2610.09627902,-2610.07246475,13.6293808381,14.9436806606
560,Rh_Cat624,-2610.11168269,-2610.11698973,-2610.08609068,16.0592293993,19.389447416099998
561,Rh_Cat625,-3368.52349768,-3368.53097583,-3368.49943747,15.0980103471,19.7906205144
562,Rh_Cat626,-2753.75873957,-2753.76138978,-2753.73348197,15.8493839474,17.512415899300002
563,Rh_Cat627,-2910.89703274,-2910.90135981,-2910.86611482,19.401288520399998,22.1165660525
564,Rh_Cat628,-3150.52270924,-3150.52740554,-3150.49184214,19.3693984876,22.316371352399997
565,Rh_Cat629,-2910.90454587,-2910.91292076,-2910.88398081,12.9047705181,18.1600935544
566,Rh_Cat62,-1853.34290572,-1853.34333723,-1853.31934261,14.786075374700001,15.056851999000001
567,Rh_Cat630,-4591.63830278,-4591.64119722,-4591.60744151,19.3657401071,21.182028704300002
568,Rh_Cat631,-2610.09871025,-2610.09648967,-2610.07132105,17.1869831974,15.7935481521
569,Rh_Cat632,-2767.23991027,-2767.25312273,-2767.21358885,16.5169411034,24.8078852718
570,Rh_Cat633,-2000.86026497,-2000.86702783,-2000.83289835,17.172814032799998,21.4165729301
571,Rh_Cat634,-2315.12015349,-2315.12469415,-2315.09678862,14.661677891300002,17.5109851774
572,Rh_Cat635,-2910.75476313,-2910.75673699,-2910.73334877,13.437714336500001,14.6763302381
573,Rh_Cat636,-2910.90284736,-2910.90741368,-2910.87959085,14.5936809619,17.4590901418
574,Rh_Cat637,-2767.25057464,-2767.25344559,-2767.22319752,17.1794028826,18.9809512815
575,Rh_Cat638,-3006.87208846,-3006.87757002,-3006.84557045,16.6403031961,20.0800341707
576,Rh_Cat639,-1765.17912758,-1765.17886874,-1765.15143267,17.3788191267,17.2163945677
577,Rh_Cat63,-1839.85550377,-1839.86116147,-1839.83120429,15.2481545451,18.7984150433
578,Rh_Cat640,-1922.29539012,-1922.29796054,-1922.27040475,15.678557036099999,17.2915200051
579,Rh_Cat641,-2393.68649619,-2393.68800894,-2393.65972906,16.796628362899998,17.745893359100002
580,Rh_Cat642,-2079.41301846,-2079.40170256,-2079.39002038,14.4315136817,7.3306789308399996
581,Rh_Cat643,-2065.92599023,-2065.92998157,-2065.90439668,13.5501577637,16.054761531500002
582,Rh_Cat644,-2537.3316624000004,-2537.34477502,-2537.30774203,15.010259418399999,23.238553038200003
583,Rh_Cat645,-2380.22060502,-2380.22702859,-2380.19732006,14.6115336072,18.642384806
584,Rh_Cat646,-2546.01690422,-2546.01961995,-2545.99305542,14.9653485636,16.669494938099998
585,Rh_Cat647,-2531.53363684,-2531.54537625,-2531.51220379,13.4494424889,20.8160337884
586,Rh_Cat648,-2989.33214701,-2989.34531051,-2989.31033078,13.689891579100001,21.9501128825
587,Rh_Cat649,-2928.31031668,-2928.31168844,-2928.28720714,14.501455890599999,15.362248322300001
588,Rh_Cat64,-2311.26478971,-2311.27496982,-2311.24091142,14.983853818800002,21.3719695548
589,Rh_Cat650,-4369.41826025,-4369.4299778,-4369.39695319,13.3703825667,20.7232565089
590,Rh_Cat651,-2688.67782872,-2688.68988195,-2688.65608597,13.643782181199999,21.207298512
591,Rh_Cat652,-2688.65619799,-2688.6573084,-2688.63198875,15.1915280877,15.888320911800001
592,Rh_Cat653,-2688.68423336,-2688.68524788,-2688.660859,14.667632956199999,15.3042538944
593,Rh_Cat654,-3447.0880795000003,-3447.1020016,-3447.06805903,12.5630351194,21.2992851296
594,Rh_Cat655,-2832.32941819,-2832.33513995,-2832.30529592,15.1369535866,18.7274123435
595,Rh_Cat656,-2989.45988211,-2989.4746972,-2989.43635914,14.760887143,24.057496861399997
596,Rh_Cat657,-3229.08482113,-3229.10067875,-3229.06140515,14.6937499017,24.6445570991
597,Rh_Cat658,-2989.47174117,-2989.47708396,-2989.44931851,14.0704321652,17.423083646800002
598,Rh_Cat659,-4670.20045409,-4670.21534676,-4670.17727516,14.5449987746,23.8902906802
599,Rh_Cat65,-2154.15331554,-2154.16015362,-2154.13158223,13.637858491700001,17.9288186534
600,Rh_Cat660,-2688.67048094,-2688.67329273,-2688.64254,17.5332052889,19.297630226
601,Rh_Cat662,-2079.42593508,-2079.42922402,-2079.40106145,15.6084391245,17.6722802197
602,Rh_Cat663,-2393.68975701,-2393.68963594,-2393.66259842,17.0422732316,16.9663006563
603,Rh_Cat664,-2989.32711862,-2989.3267308000004,-2989.30358276,14.7689757406,14.5256150063
604,Rh_Cat665,-2989.46499059,-2989.47970994,-2989.44121738,14.9179151205,24.1544470791
605,Rh_Cat666,-2845.81796666,-2845.82363123,-2845.79535083,14.1916481752,17.7462196637
606,Rh_Cat667,-3085.44135685,-3085.44577398,-3085.41365804,17.3812664137,20.1530574515
607,Rh_Cat668,-1381.98359319,-1381.98445226,-1381.9567199,16.863244771199998,17.4023193573
608,Rh_Cat669,-1539.10261577,-1539.10459422,-1539.0768928,16.1414080433,17.382904213499998
609,Rh_Cat66,-2319.95410663,-2319.95197272,-2319.93000412,15.124553998800002,13.785505201700001
610,Rh_Cat670,-2010.48788318,-2010.49025337,-2010.46156179,16.5169222782,18.00423902
611,Rh_Cat671,-1696.21502821,-1696.21537984,-1696.19104111,15.0521331274,15.272784292899999
612,Rh_Cat672,-1682.73202976,-1682.73686729,-1682.70811933,15.004021974,18.039618005599998
613,Rh_Cat673,-2154.13972703,-2154.14844558,-2154.11648488,14.5846699254,20.055642876700002
614,Rh_Cat674,-1997.02754412,-1997.03317262,-1997.00455274,14.427309368,17.959246588800003
615,Rh_Cat675,-2162.8308509,-2162.83287158,-2162.8056546,15.8109176149,17.0789135113
616,Rh_Cat676,-2148.34773269,-2148.3479234,-2148.32350003,15.2062243603,15.325896697000001
617,Rh_Cat677,-2606.14520144,-2606.14504546,-2606.12064701,15.4081380921,15.3102591602
618,Rh_Cat678,-2545.11889712,-2545.11539,-2545.09496058,15.020406247,12.819655129400001
619,Rh_Cat679,-3986.23159249,-3986.22797808,-3986.20790013,14.8671809774,12.599104365599999
620,Rh_Cat67,-2305.47575851,-2305.47640323,-2305.45179179,15.039344484,15.443912408800001
621,Rh_Cat680,-2305.49121585,-2305.49097404,-2305.46675939,15.346660986500002,15.194922914200001
622,Rh_Cat681,-2305.45096013,-2305.46843323,-2305.44171757,5.7997942043699995,16.764330448699997
623,Rh_Cat682,-2305.49148497,-2305.49201757,-2305.46721267,15.231098836600001,15.565310396400001
624,Rh_Cat683,-3063.89635562,-3063.90191688,-3063.87388585,14.0999941378,17.5897376198
625,Rh_Cat684,-2449.13867109,-2449.15061968,-2449.11893164,12.3866923998,19.8845461364
626,Rh_Cat685,-2606.27662258,-2606.28588273,-2606.25569476,13.1324058643,18.9432379607
627,Rh_Cat686,-2845.90166306,-2845.9104362,-2845.88101922,12.9542057165,18.459434411300002
628,Rh_Cat687,-2606.27409553,-2606.28208625,-2606.25133267,14.2839108972,19.2981636089
629,Rh_Cat688,-4287.01751882,-4287.026086,-4286.99662555,13.110725410899999,18.486712249
630,Rh_Cat689,-2305.47801885,-2305.47582702,-2305.45169761,16.516828151800002,15.1414340045
631,Rh_Cat68,-2763.27352892,-2763.27389161,-2763.2489901,15.398342668800002,15.625934089500001
632,Rh_Cat690,-2462.6259701,-2462.62548726,-2462.59931072,16.7290142139,16.4260275272
633,Rh_Cat691,-1696.23237398,-1696.23467528,-1696.20614003,16.4620528475,17.9061404599
634,Rh_Cat692,-2010.49141759,-2010.49399799,-2010.46517247,16.4690621287,18.0882876425
635,Rh_Cat693,-2606.13281411,-2606.13248877,-2606.10730339,16.008219151600002,15.8040652108
636,Rh_Cat694,-2606.28073838,-2606.28386459,-2606.25683568,14.999171325499999,16.9608977996
637,Rh_Cat695,-2462.62287057,-2462.62053092,-2462.59623949,16.7112556954,15.243103093699998
638,Rh_Cat696,-2702.25331325,-2702.25678088,-2702.22713317,16.4282489107,18.604219678299998
639,Rh_Cat697,-1539.11195039,-1539.11448232,-1539.08517221,16.8035623426,18.392372470999998
640,Rh_Cat698,-1696.23370603,-1696.22776756,-1696.20536291,17.7855770595,14.0591307192
641,Rh_Cat699,-2167.61636295,-2167.62134008,-2167.59231773,15.0886039796,18.2118003374
642,Rh_Cat69,-2702.24701066,-2702.24364501,-2702.223068,15.0242466053,12.9122692567
643,Rh_Cat6,-1997.01404009,-1997.01685349,-1996.9890874000002,15.6580500255,17.4234852528
644,Rh_Cat700,-1853.34684767,-1853.35298444,-1853.32400903,14.331463567,18.1823450414
645,Rh_Cat701,-1839.85992574,-1839.8606659000002,-1839.83729626,14.2002136802,14.6646711116
646,Rh_Cat702,-2311.26293117,-2311.26027148,-2311.23808731,15.589758166500001,13.9207774246
647,Rh_Cat703,-2154.15886047,-2154.16253107,-2154.13736616,13.4878837209,15.791220091700001
648,Rh_Cat704,-2319.95486077,-2319.95910633,-2319.93007701,15.5520448457,18.216174078599998
649,Rh_Cat705,-2305.47199287,-2305.47672404,-2305.44939941,14.177610787999999,17.146464909200002
650,Rh_Cat706,-2763.27360394,-2763.27530491,-2763.25114313,14.0943716528,15.161746487
651,Rh_Cat707,-2702.24773155,-2702.24878034,-2702.22541621,14.0030878459,14.6612135343
652,Rh_Cat708,-4143.3609706,-4143.36187019,-4143.33889982,13.8496241224,14.414125393900001
653,Rh_Cat709,-2462.61898782,-2462.61684779,-2462.5902102,18.058229937300002,16.7153407821
654,Rh_Cat70,-4143.35970168,-4143.35644295,-4143.33612762,14.792946603599999,12.7480625706
655,Rh_Cat710,-2462.60286658,-2462.60110552,-2462.57683295,16.3363501444,15.2312682644
656,Rh_Cat711,-2462.61605598,-2462.6157917,-2462.59370218,14.0272218611,13.861383650399999
657,Rh_Cat712,-3221.02676605,-3221.03525007,-3221.00291484,14.9668608615,20.2906640098
658,Rh_Cat713,-2606.25669348,-2606.26015929,-2606.23078334,16.2588589964,18.4336876965
659,Rh_Cat714,-2763.40033662,-2763.40569292,-2763.37547627,15.6001057983,18.9612349332
660,Rh_Cat715,-3003.03097413,-3003.03546336,-3003.00837476,14.1813193688,16.9983538416
661,Rh_Cat716,-2763.40858401,-2763.41801653,-2763.38639454,13.9241032251,19.843099134000003
662,Rh_Cat717,-4444.14353578,-4444.15295495,-4444.12020486,14.6403739439,20.550992601
663,Rh_Cat718,-2462.62105716,-2462.62166299,-2462.59480783,16.4717039437,16.8518680241
664,Rh_Cat719,-2619.75286234,-2619.75973303,-2619.7250379,17.460100432,21.7715236786
665,Rh_Cat71,-2462.61959458,-2462.61985421,-2462.59528243,15.2561050903,15.419025381800001
666,Rh_Cat720,-1853.36317552,-1853.35743969,-1853.33528975,17.4985855898,13.8992977745
667,Rh_Cat721,-2167.62032264,-2167.62533715,-2167.59588013,15.3379072288,18.484559891900002
668,Rh_Cat722,-2763.25913909,-2763.26102297,-2763.23984747,12.105674820599999,13.2878274173
669,Rh_Cat723,-2763.40932083,-2763.41536328,-2763.38676863,14.1517197459,17.9434145241
670,Rh_Cat724,-2619.76510848,-2619.76025607,-2619.73403178,19.5009244787,16.4559911059
671,Rh_Cat725,-2859.38742353,-2859.38777361,-2859.36329857,15.138641587,15.3583201127
672,Rh_Cat726,-1836.93314256,-1836.93900251,-1836.90823915,15.6271263574,19.304300651800002
673,Rh_Cat727,-1994.05313741,-1994.05971743,-1994.03002418,14.5037714007,18.6327964609
674,Rh_Cat728,-2465.4370672,-2465.44789728,-2465.41445407,14.1899538998,20.9859319854
675,Rh_Cat729,-2151.1662533000003,-2151.17477447,-2151.14320904,14.460492070499999,19.8076071967
676,Rh_Cat72,-2462.57900203,-2462.59657354,-2462.56985375,5.74063260857,16.7669220629
677,Rh_Cat730,-2137.6799039,-2137.68814795,-2137.6599087,12.5471779546,17.7203976478
678,Rh_Cat731,-2609.08040738,-2609.08949005,-2609.0606285999997,12.411372348299999,18.110834058800002
679,Rh_Cat733,-2617.78470354,-2617.7931062,-2617.76120831,14.7434800298,20.0162290049
680,Rh_Cat734,-2603.2935472,-2603.29712326,-2603.27403612,12.2433880553,14.4873996778
681,Rh_Cat735,-3061.09131776,-3061.09471828,-3061.07158424,12.382971268499999,14.516829873399999
682,Rh_Cat736,-3000.0666505,-3000.07053091,-3000.04723584,12.182883589100001,14.617877728
683,Rh_Cat737,-4441.17932764,-4441.18338852,-4441.16005326,12.0948565571,14.6430973354
684,Rh_Cat738,-2760.43675264,-2760.44028076,-2760.41708176,12.3436640733,14.5575928903
685,Rh_Cat739,-2760.405907,-2760.41883429,-2760.38976299,10.1305196431,18.2425169276
686,Rh_Cat73,-2462.61987584,-2462.61743741,-2462.59580802,15.102785694400001,13.572647704400001
687,Rh_Cat740,-2760.43478346,-2760.44021187,-2760.41470519,12.599305168499999,16.005684013499998
688,Rh_Cat741,-3518.8192208000005,-3518.83510125,-3518.81293569,3.9439662336300003,13.909099473
689,Rh_Cat742,-2904.08038482,-2904.08855135,-2904.05974132,12.9539923633,18.0785675205
690,Rh_Cat743,-3061.20370389,-3061.20717303,-3061.18174563,13.779016753299999,15.9559350602
691,Rh_Cat744,-3300.85158016,-3300.85324519,-3300.81894327,20.4799585255,21.524780668200002
692,Rh_Cat745,-3061.23052546,-3061.2318702,-3061.20755873,14.411841258900001,15.255678383800001
693,Rh_Cat746,-4741.96951959,-4741.97160389,-4741.94893632,12.916197466300002,14.224115516700001
694,Rh_Cat747,-2760.43068873,-2760.44737683,-2760.40911354,13.5386366893,24.010577976300002
695,Rh_Cat748,-2917.5654641999995,-2917.58316722,-2917.54238828,14.480359021199998,25.58917225
696,Rh_Cat749,-2151.18320699,-2151.19064007,-2151.15997242,14.579913403499999,19.2442417176
697,Rh_Cat74,-3221.02668382,-3221.03644284,-3221.00367924,14.4355924935,20.559470254
698,Rh_Cat750,-2465.4476269,-2465.44986829,-2465.42066857,16.9166081792,18.323101697200002
699,Rh_Cat751,-3061.06779323,-3061.07864897,-3061.04993719,11.2048347324,18.016914711800002
700,Rh_Cat752,-3061.22207829,-3061.23221301,-3061.20184686,12.695414523599998,19.0550476035
701,Rh_Cat753,-2917.57736428,-2917.58749893,-2917.554995,14.0369357082,20.3965248624
702,Rh_Cat754,-3157.20197944,-3157.21836426,-3157.1806725,13.3703072657,23.651937471500002
703,Rh_Cat755,-1836.99766705,-1837.00238708,-1836.97271238,15.6592924943,18.6211561596
704,Rh_Cat756,-1994.12287715,-1994.12965958,-1994.09813104,15.5284191131,19.784458371099998
705,Rh_Cat757,-2465.50330316,-2465.50420587,-2465.47644309,16.8549490957,17.4214081965
706,Rh_Cat758,-2151.23454197,-2151.23698738,-2151.21134482,14.556431998099999,16.0909500044
707,Rh_Cat759,-2137.75711186,-2137.76436727,-2137.73677997,12.7584541279,17.3112928294
708,Rh_Cat75,-2606.26417322,-2606.27446854,-2606.24397675,12.6734767914,19.1338878969
709,Rh_Cat760,-2609.1720465,-2609.17762827,-2609.15055489,13.486189445199999,16.988803147
710,Rh_Cat761,-2452.06231628,-2452.0617581,-2452.04177275,12.8912602385,12.540996986
711,Rh_Cat762,-2617.85011032,-2617.85153487,-2617.82858006,13.5104426874,14.4043613455
712,Rh_Cat763,-2603.3525913000003,-2603.35746765,-2603.3290589000003,14.7668045578,17.8267605084
713,Rh_Cat764,-3061.15110902,-3061.1579192,-3061.12824044,14.3502512017,18.623703848199998
714,Rh_Cat765,-3000.13140127,-3000.13691499,-3000.1060984,15.8777913022,19.3377029827
715,Rh_Cat766,-4441.23429421,-4441.23964357,-4441.21193039,14.033509506600002,17.3902837254
716,Rh_Cat767,-2760.50220432,-2760.49981836,-2760.48021611,13.797810663,12.300598096300002
717,Rh_Cat768,-2760.49154347,-2760.49974646,-2760.47134871,12.672403750399999,17.819857903800003
718,Rh_Cat769,-2760.50245223,-2760.50725034,-2760.47699578,15.974164211300002,18.9850238185
719,Rh_Cat76,-2763.40468799,-2763.41480532,-2763.38413056,12.8999826208,19.2487033104
720,Rh_Cat770,-3518.90750129,-3518.91592086,-3518.88299828,15.3758715536,20.6592317146
721,Rh_Cat771,-2904.1609231999996,-2904.16350877,-2904.13897181,13.7747057633,15.3971755012
722,Rh_Cat772,-3061.29404956,-3061.30502147,-3061.27370885,12.7639887619,19.6489665201
723,Rh_Cat773,-3300.92604483,-3300.92323204,-3300.90056455,15.9891177627,14.224065316199999
724,Rh_Cat774,-3061.30991036,-3061.31568048,-3061.28664575,14.5987637887,18.219568905
725,Rh_Cat775,-4742.03581201,-4742.03865635,-4742.01493446,13.1008609615,14.8857113325
726,Rh_Cat776,-2760.50247659,-2760.50274221,-2760.46433574,23.9337457129,24.100424786599998
727,Rh_Cat777,-2917.64100305,-2917.64256379,-2917.59899834,26.3583545698,27.3377337469
728,Rh_Cat778,-2151.24948497,-2151.24971202,-2151.22466085,15.577371129300001,15.719847161199999
729,Rh_Cat779,-2465.50994269,-2465.51107308,-2465.48500161,15.6507646404,16.3600951041
730,Rh_Cat77,-3003.02982255,-3003.03846507,-3003.00910951,12.9976293738,18.4208927776
731,Rh_Cat780,-3061.14048273,-3061.14982602,-3061.12050688,12.535035645499999,18.3980388819
732,Rh_Cat781,-3061.29733628,-3061.29643686,-3061.27506705,13.974153382599999,13.4097587883
733,Rh_Cat782,-2917.63889387,-2917.63748459,-2917.61560517,14.6138804928,13.7295439045
734,Rh_Cat783,-3157.26403712,-3157.26775544,-3157.24074368,14.6168548877,16.9501360119
735,Rh_Cat784,-1765.18194233,-1765.18277677,-1765.15413074,17.4520369351,17.9756559622
736,Rh_Cat785,-1922.30694704,-1922.30859507,-1922.28016495,16.8060159049,17.8401703861
737,Rh_Cat786,-2393.6935583,-2393.69097095,-2393.66700557,16.662090325799998,15.038503621099998
738,Rh_Cat787,-2079.40514084,-2079.40419816,-2079.3772122,17.5254869221,16.9339462665
739,Rh_Cat788,-2065.92551371,-2065.93010309,-2065.9038544,13.5914227884,16.4713023376
740,Rh_Cat789,-2537.32186888,-2537.33397476,-2537.29764788,15.1989075993,22.7954623052
741,Rh_Cat78,-2763.40063914,-2763.40849619,-2763.37862279,13.8154687802,18.7458422972
742,Rh_Cat790,-2380.22389299,-2380.22609991,-2380.20207067,13.693713112000001,15.0785763777
743,Rh_Cat791,-2546.01569998,-2546.01736944,-2545.99158588,15.131826834000002,16.1794288438
744,Rh_Cat792,-2531.54053232,-2531.54486639,-2531.51495348,16.050965099000003,18.7706351979
745,Rh_Cat793,-2989.33742093,-2989.34847505,-2989.31180428,16.0746912331,23.0112565473
746,Rh_Cat794,-2928.31271865,-2928.32095725,-2928.2853517,17.173021111199997,22.3428208778
747,Rh_Cat795,-4369.42338721,-4369.43193955,-4369.40105438,14.014062987400001,19.380737584200002
748,Rh_Cat796,-2688.68148816,-2688.68897906,-2688.65911229,14.0410709957,18.741681909300002
749,Rh_Cat797,-2688.67529515,-2688.67145529,-2688.65040208,15.620637909100001,13.2110892805
750,Rh_Cat798,-2688.68376101,-2688.689723,-2688.66079509,14.411332976199999,18.15253834
751,Rh_Cat799,-3447.09395702,-3447.09676265,-3447.06661036,17.1602889431,18.9208484217
752,Rh_Cat79,-4444.1457457,-4444.15428373,-4444.12503356,12.9970646153,18.3547595519
753,Rh_Cat7,-1839.90826957,-1839.90852703,-1839.88455809,14.879178959,15.0407375549
754,Rh_Cat800,-2832.33688696,-2832.33467594,-2832.3146398000004,13.960304248,12.5728681935
755,Rh_Cat801,-2989.4785026,-2989.47691733,-2989.43729614,25.857445111399997,24.862673126399997
756,Rh_Cat802,-3229.10279499,-3229.10183261,-3229.06202217,25.5853318917,24.981429299200002
757,Rh_Cat803,-2989.48448226,-2989.4877129,-2989.45903197,15.9702987526,17.9975560439
758,Rh_Cat804,-4670.22179603,-4670.21608314,-4670.19698736,15.5676761076,11.9827833597
759,Rh_Cat806,-2845.81789692,-2845.82955104,-2845.79036919,17.273912088299998,24.586983102399998
760,Rh_Cat807,-2079.43753805,-2079.43463723,-2079.41095385,16.6818380498,14.861545942100001
761,Rh_Cat808,-2393.69713832,-2393.70170655,-2393.67093327,16.4439178227,19.310525545999997
762,Rh_Cat809,-2989.33712059,-2989.33616659,-2989.30994125,17.055294053599997,16.4566499908
763,Rh_Cat80,-2462.60723023,-2462.60741418,-2462.58113493,16.3750486552,16.4904790277
764,Rh_Cat810,-2989.47186304,-2989.48356146,-2989.44636625,15.9994779442,23.3403476295
765,Rh_Cat813,-1884.99550036,-1884.9955368,-1884.96810822,17.1888280754,17.211694521600002
766,Rh_Cat814,-2042.11623698,-2042.12249954,-2042.08864586,17.313689915599998,21.24350581
767,Rh_Cat815,-2513.49803934,-2513.50684566,-2513.47434952,14.8655871033,20.3916365634
768,Rh_Cat816,-2199.22124235,-2199.21995924,-2199.19966484,13.540092511400001,12.7349287969
769,Rh_Cat817,-2185.7404785999997,-2185.74414688,-2185.71889872,13.5415797089,15.8434602573
770,Rh_Cat818,-2657.15085266,-2657.16365798,-2657.12949595,13.401538413699999,21.4369983643
771,Rh_Cat819,-2500.03638094,-2500.04455375,-2500.0131714999998,14.564144089600001,19.6926600062
772,Rh_Cat81,-2619.75410505,-2619.74349098,-2619.72752024,16.6822208306,10.021791071900001
773,Rh_Cat820,-2665.83443743,-2665.83321219,-2665.81252728,13.748827271500002,12.979977531600001
774,Rh_Cat821,-2651.35118768,-2651.35342668,-2651.32805109,14.5184300226,15.9234237933
775,Rh_Cat822,-3109.15251541,-3109.16026203,-3109.12916595,14.65200797,19.5130856129
776,Rh_Cat823,-3048.12272639,-3048.12043231,-3048.09789216,15.5837152503,14.1441582565
777,Rh_Cat824,-4489.23585994,-4489.24131371,-4489.21100023,15.599704192699999,19.0219966784
778,Rh_Cat825,-2808.49611344,-2808.5021788000004,-2808.47041882,16.123618149000002,19.9296891698
779,Rh_Cat826,-2808.4774614999997,-2808.47531198,-2808.45479708,14.2221388621,12.873294641500001
780,Rh_Cat827,-2808.49673935,-2808.49688672,-2808.47090607,16.2106286161,16.3031046911
781,Rh_Cat828,-3566.90811225,-3566.91537498,-3566.88663009,13.4802594807,18.037691551400002
782,Rh_Cat829,-2952.14368284,-2952.15150107,-2952.11905009,15.457284636099999,20.363298234200002
783,Rh_Cat82,-1853.35984073,-1853.35939127,-1853.33396783,16.2354905427,15.9534501228
784,Rh_Cat830,-3109.28372173,-3109.28367156,-3109.26055037,14.5402485277,14.5087663763
785,Rh_Cat831,-3348.90789158,-3348.91274568,-3348.88510477,14.2989397497,17.344933613800002
786,Rh_Cat832,-3109.29038924,-3109.29856405,-3109.26975085,12.950785789700001,18.0805567254
787,Rh_Cat833,-4790.02391741,-4790.02778472,-4789.99994467,15.043122090699999,17.4698958556
788,Rh_Cat834,-2808.48721801,-2808.49116228,-2808.46449163,14.2610193507,16.7360862463
789,Rh_Cat835,-2965.62521534,-2965.63824359,-2965.5989181,16.501767923800003,24.677118567199997
790,Rh_Cat836,-2199.24541911,-2199.24973347,-2199.21452825,19.3843081132,22.0916099996
791,Rh_Cat837,-2513.50538234,-2513.51063931,-2513.48242502,14.405936394500001,17.7047350108
792,Rh_Cat838,-3109.14092357,-3109.14252872,-3109.11955629,13.4081711889,14.415418062899999
793,Rh_Cat839,-3109.28899008,-3109.28906239,-3109.26590901,14.4835906952,14.5289659069
794,Rh_Cat83,-2167.61980556,-2167.62200999,-2167.59299884,16.821471463800002,18.204772231099998
795,Rh_Cat840,-2965.62935369,-2965.6380534,-2965.60648495,14.350351603,19.8095022754
796,Rh_Cat841,-3205.25271951,-3205.25504665,-3205.22552672,17.0637340567,18.5240365145
797,Rh_Cat84,-2763.26147962,-2763.26504698,-2763.23636407,15.7602462227,17.9987985127
798,Rh_Cat85,-2763.40896442,-2763.4121278000002,-2763.3854100000003,14.780622317,16.765673319
799,Rh_Cat86,-2619.7518925,-2619.74989592,-2619.72539962,16.6245338822,15.3716609649
800,Rh_Cat87,-2859.37366563,-2859.3834098,-2859.34728231,16.5557839413,22.6703431862
801,Rh_Cat88,-1381.98212337,-1381.98519343,-1381.95447154,17.3517860174,19.278277833
802,Rh_Cat89,-1539.09673636,-1539.10363376,-1539.07334735,14.6768259706,19.005009996
803,Rh_Cat8,-2005.70658781,-2005.70569173,-2005.67950465,16.9949401901,16.4326414773
804,Rh_Cat90,-2010.48389636,-2010.49046814,-2010.45966461,15.2056533267,19.3295077087
805,Rh_Cat91,-1696.19755658,-1696.20677953,-1696.17410087,14.7186808542,20.5061695972
806,Rh_Cat92,-1682.7285313999998,-1682.73266292,-1682.70450951,15.073964183,17.6665322324
807,Rh_Cat93,-2154.14225211,-2154.14251423,-2154.11717371,15.7369342448,15.901417035
808,Rh_Cat94,-1997.02171932,-1997.0282975000002,-1996.99873028,14.4258409959,18.5537114386
809,Rh_Cat95,-2162.80886178,-2162.81563189,-2162.78562298,14.582567768599999,18.8308761097
810,Rh_Cat96,-2148.33868764,-2148.34350657,-2148.31828094,12.805398113599999,15.8293224685
811,Rh_Cat97,-2606.13633637,-2606.141655,-2606.11185896,15.359807310499999,18.6972981623
812,Rh_Cat98,-2545.11028791,-2545.11496623,-2545.08626904,15.0720691042,18.0077593483
813,Rh_Cat99,-3986.2232997,-3986.2263066,-3986.1994108000004,14.9905116947,16.8773700102
814,Rh_Cat9,-1991.21980875,-1991.22192432,-1991.19611726,14.8666350442,16.1941753171
